,base,base,base,base,base,base,base,base,base,base,base,base,slm1,slm1,slm1,slm1,slm1,slm1,slm1,slm1,slm1,slm1,slm1,slm1,sl1mn,sl1mn,sl1mn,sl1mn,sl1mn,sl1mn,sl1mn,sl1mn,sl1mn,sl1mn,sl1mn,sl1mn
,10,30,50,75,100,150,200,300,400,500,750,1000,10,30,50,75,100,150,200,300,400,500,750,1000,10,30,50,75,100,150,200,300,400,500,750,1000
Quando foi a batalha de Gettysburg?,False,remove column,remove column,remove column,remove column,remove column,remove column,remove column,remove column,remove column,remove column,remove column,False,False,False,False,False,False,False,False,False,False,False,False,False,False,False,False,False,False,False,False,False,False,False,False
Liste todos os musicais com músicas de Elton John.,True,remove column,remove column,remove column,remove column,remove column,remove column,remove column,remove column,remove column,remove column,remove column,True,True,True,True,True,True,True,True,True,True,True,True,True,True,True,True,True,True,True,True,True,True,True,True
Qual a altura do Farol em Colombo?,False,remove column,remove column,remove column,remove column,remove column,remove column,remove column,remove column,remove column,remove column,remove column,True,True,True,True,True,True,True,True,True,True,True,True,False,False,False,False,False,False,False,False,False,False,False,False
Quem foi a esposa do presidente americano Lincoln?,False,remove column,remove column,remove column,remove column,remove column,remove column,remove column,remove column,remove column,remove column,remove column,False,False,False,False,False,False,False,False,False,False,False,False,False,False,False,False,False,False,False,False,False,False,False,False
Quem é o apresentador do BBC Wildlife Specials?,False,remove column,remove column,remove column,remove column,remove column,remove column,remove column,remove column,remove column,remove column,remove column,False,False,False,False,False,False,False,False,False,False,False,False,False,False,False,False,False,False,False,False,False,False,False,False
Quanto custou Pulp Fiction?,False,remove column,remove column,remove column,remove column,remove column,remove column,remove column,remove column,remove column,remove column,remove column,False,False,False,False,False,False,False,False,False,False,False,False,False,False,False,False,False,False,False,False,False,False,False,False
Em que cidade fica a cervejaria Heineken?,False,remove column,remove column,remove column,remove column,remove column,remove column,remove column,remove column,remove column,remove column,remove column,False,False,False,False,False,False,False,False,False,False,False,False,False,False,False,False,False,False,False,False,False,False,False,False
Quando começou a Operação Overlord?,False,remove column,remove column,remove column,remove column,remove column,remove column,remove column,remove column,remove column,remove column,remove column,False,False,False,False,False,False,False,False,False,False,False,False,False,False,False,False,False,False,False,False,False,False,False,False
Em que cidade termina a Rota 68 do Chile?,True,remove column,remove column,remove column,remove column,remove column,remove column,remove column,remove column,remove column,remove column,remove column,True,True,True,True,True,True,True,True,True,True,True,True,True,True,True,True,True,True,True,True,True,True,True,True
Quem desenvolveu o Slack?,True,remove column,remove column,remove column,remove column,remove column,remove column,remove column,remove column,remove column,remove column,remove column,True,True,True,True,True,True,True,True,True,True,True,True,True,True,True,True,True,True,True,True,True,True,True,True
Quem foi casada com o presidente Chirac?,False,remove column,remove column,remove column,remove column,remove column,remove column,remove column,remove column,remove column,remove column,remove column,False,False,False,False,False,False,False,False,False,False,False,False,False,False,False,False,False,False,False,False,False,False,False,False
De que morreu Bruce Carver?,False,remove column,remove column,remove column,remove column,remove column,remove column,remove column,remove column,remove column,remove column,remove column,False,False,False,False,False,False,False,False,False,False,False,False,False,False,False,False,False,False,False,False,False,False,False,False
Quem pintou Tormenta no Mar da Galileia?,False,remove column,remove column,remove column,remove column,remove column,remove column,remove column,remove column,remove column,remove column,remove column,False,False,False,False,False,False,False,False,False,False,False,False,False,False,False,False,False,False,False,False,False,False,False,False
Em quais cidades o rio Weser passa?,False,remove column,remove column,remove column,remove column,remove column,remove column,remove column,remove column,remove column,remove column,remove column,False,False,False,False,False,False,False,False,False,False,False,False,False,False,False,False,False,False,False,False,False,False,False,False
Quantas cadeiras tem o estádio do Futebol Clube do Porto,False,remove column,remove column,remove column,remove column,remove column,remove column,remove column,remove column,remove column,remove column,remove column,True,True,True,True,True,True,True,True,True,True,True,True,True,True,True,True,True,True,True,True,True,True,True,True
Com quem a filha de Robert Kennedy casou-se?,False,remove column,remove column,remove column,remove column,remove column,remove column,remove column,remove column,remove column,remove column,remove column,False,False,False,False,False,False,False,False,False,False,False,False,False,False,False,False,False,False,False,False,False,False,False,False
Que livros de Kerouac foram publicados pela Viking Press?,True,remove column,remove column,remove column,remove column,remove column,remove column,remove column,remove column,remove column,remove column,remove column,True,True,True,True,True,True,True,True,True,True,True,True,True,True,True,True,True,True,True,True,True,True,True,True
Qual a altura de Amazon Eve?,False,remove column,remove column,remove column,remove column,remove column,remove column,remove column,remove column,remove column,remove column,remove column,False,False,False,False,False,False,False,False,False,False,False,False,False,False,False,False,False,False,False,False,False,False,False,False
Em que museu está exposto O Grito de Munch?,False,remove column,remove column,remove column,remove column,remove column,remove column,remove column,remove column,remove column,remove column,remove column,False,False,False,False,False,False,False,False,False,False,False,False,False,False,False,False,False,False,False,False,False,False,False,False
Quem escreveu o livro Os Pilares da Terra?,True,remove column,remove column,remove column,remove column,remove column,remove column,remove column,remove column,remove column,remove column,remove column,True,True,True,True,True,True,True,True,True,True,True,True,True,True,True,True,True,True,True,True,True,True,True,True
James Bond é casado?,True,remove column,remove column,remove column,remove column,remove column,remove column,remove column,remove column,remove column,remove column,remove column,True,True,True,True,True,True,True,True,True,True,True,True,True,True,True,True,True,True,True,True,True,True,True,True
Quem descobriu Ceres?,False,remove column,remove column,remove column,remove column,remove column,remove column,remove column,remove column,remove column,remove column,remove column,False,False,False,False,False,False,False,False,False,False,False,False,False,False,False,False,False,False,False,False,False,False,False,False
Que rio a Ponte do Brooklyn cruza?,True,remove column,remove column,remove column,remove column,remove column,remove column,remove column,remove column,remove column,remove column,remove column,True,True,True,True,True,True,True,True,True,True,True,True,True,True,True,True,True,True,True,True,True,True,True,True
Quem foi chamado de Frank The Tank?,False,remove column,remove column,remove column,remove column,remove column,remove column,remove column,remove column,remove column,remove column,remove column,False,False,False,False,False,False,False,False,False,False,False,False,False,False,False,False,False,False,False,False,False,False,False,False
Qual é o maior país do mundo,False,remove column,remove column,remove column,remove column,remove column,remove column,remove column,remove column,remove column,remove column,remove column,False,False,False,False,False,False,False,False,False,False,False,False,False,False,False,False,False,False,False,False,False,False,False,False
Quem é o prefeito de Paris?,True,remove column,remove column,remove column,remove column,remove column,remove column,remove column,remove column,remove column,remove column,remove column,True,True,True,True,True,True,True,True,True,True,True,True,True,True,True,True,True,True,True,True,True,True,True,True
Quem é o treinador da equipe de hockey no gelo de Ankara?,False,remove column,remove column,remove column,remove column,remove column,remove column,remove column,remove column,remove column,remove column,remove column,False,False,False,False,False,False,False,False,False,False,False,False,False,False,False,False,False,False,False,False,False,False,False,False
Quem é o prefeito da capital da Polinésia Francessa?,False,remove column,remove column,remove column,remove column,remove column,remove column,remove column,remove column,remove column,remove column,remove column,False,False,False,False,False,False,False,False,False,False,False,False,False,False,False,False,False,False,False,False,False,False,False,False
Que prêmios Douglas Hofstadter ganhou?,False,remove column,remove column,remove column,remove column,remove column,remove column,remove column,remove column,remove column,remove column,remove column,False,False,False,False,False,False,False,False,False,False,False,False,False,False,False,False,False,False,False,False,False,False,False,False
Quanto custou The Lego Movie?,True,remove column,remove column,remove column,remove column,remove column,remove column,remove column,remove column,remove column,remove column,remove column,True,True,True,True,True,True,True,True,True,True,True,True,True,True,True,True,True,True,True,True,True,True,True,True
Onde começa a Piccadilly?,False,remove column,remove column,remove column,remove column,remove column,remove column,remove column,remove column,remove column,remove column,remove column,False,False,False,False,False,False,False,False,False,False,False,False,False,False,False,False,False,False,False,False,False,False,False,False
O Príncipe Harry e o Príncipe William têm os mesmos pais?,False,remove column,remove column,remove column,remove column,remove column,remove column,remove column,remove column,remove column,remove column,remove column,False,False,False,False,False,False,False,False,False,False,False,False,False,False,False,False,False,False,False,False,False,False,False,False
Quem interpretou o Agente Smith em Matrix?,False,remove column,remove column,remove column,remove column,remove column,remove column,remove column,remove column,remove column,remove column,remove column,True,True,True,True,True,True,True,True,True,True,True,True,True,True,False,False,False,False,False,False,False,False,False,False
Quantos idiomas são falados no Turquemenistão?,False,remove column,remove column,remove column,remove column,remove column,remove column,remove column,remove column,remove column,remove column,remove column,False,False,False,False,False,False,False,False,False,False,False,False,False,False,False,False,False,False,False,False,False,False,False,False
Em que filmes Julia Roberts e Richard Gere atuaram?,False,remove column,remove column,remove column,remove column,remove column,remove column,remove column,remove column,remove column,remove column,remove column,False,False,False,False,False,False,False,False,False,False,False,False,False,False,False,False,False,False,False,False,False,False,False,False
Em que país nasce o Ganges?,False,remove column,remove column,remove column,remove column,remove column,remove column,remove column,remove column,remove column,remove column,remove column,False,False,False,False,False,False,False,False,False,False,False,False,False,False,False,False,False,False,False,False,False,False,False,False
Em que ano nasceu Rachel Stevens?,False,remove column,remove column,remove column,remove column,remove column,remove column,remove column,remove column,remove column,remove column,remove column,False,False,False,False,False,False,False,False,False,False,False,False,False,False,False,False,False,False,False,False,False,False,False,False
Barack Obama é um Democrata?,False,remove column,remove column,remove column,remove column,remove column,remove column,remove column,remove column,remove column,remove column,remove column,False,False,False,False,False,False,False,False,False,False,False,False,False,False,False,False,False,False,False,False,False,False,False,False
Onde nasceu Bach?,False,remove column,remove column,remove column,remove column,remove column,remove column,remove column,remove column,remove column,remove column,remove column,False,False,False,False,False,False,False,False,False,False,False,False,False,False,False,False,False,False,False,False,False,False,False,False
Quantas vezes Jane Fonda se casou?,True,remove column,remove column,remove column,remove column,remove column,remove column,remove column,remove column,remove column,remove column,remove column,True,True,True,True,True,True,True,True,True,True,True,True,True,True,True,True,True,True,True,True,True,True,True,True
Quem foi o primeiro a escalar o Monte Everest?,True,remove column,remove column,remove column,remove column,remove column,remove column,remove column,remove column,remove column,remove column,remove column,True,True,True,True,True,True,True,True,True,True,True,True,True,True,True,True,True,True,True,True,True,True,True,True
Quantas pessoas vivem na Polônia,False,remove column,remove column,remove column,remove column,remove column,remove column,remove column,remove column,remove column,remove column,remove column,False,False,False,False,False,False,False,False,False,False,False,False,False,False,False,False,False,False,False,False,False,False,False,False
Onde fica o Palácio de Westminster?,False,remove column,remove column,remove column,remove column,remove column,remove column,remove column,remove column,remove column,remove column,remove column,False,False,False,False,False,False,False,False,False,False,False,False,False,False,False,False,False,False,False,False,False,False,False,False
Christian Bale atua em Batman Begins?,True,remove column,remove column,remove column,remove column,remove column,remove column,remove column,remove column,remove column,remove column,remove column,True,True,True,True,True,True,True,True,True,True,True,True,True,True,True,True,True,True,True,True,True,True,True,True
Em que país fica o Lago Limerick?,False,remove column,remove column,remove column,remove column,remove column,remove column,remove column,remove column,remove column,remove column,remove column,False,False,False,False,False,False,False,False,False,False,False,False,False,False,False,False,False,False,False,False,False,False,False,False
Qual foi o último filme de Alec Guinness?,False,remove column,remove column,remove column,remove column,remove column,remove column,remove column,remove column,remove column,remove column,remove column,False,False,False,False,False,False,False,False,False,False,False,False,False,False,False,False,False,False,False,False,False,False,False,False
Qual a montanha mais alta da Austrália?,False,remove column,remove column,remove column,remove column,remove column,remove column,remove column,remove column,remove column,remove column,remove column,False,False,False,False,False,False,False,False,False,False,False,False,False,False,False,False,False,False,False,False,False,False,False,False
Frank Herbert ainda vive?,True,remove column,remove column,remove column,remove column,remove column,remove column,remove column,remove column,remove column,remove column,remove column,True,True,True,True,True,True,True,True,True,True,True,True,True,True,True,True,True,True,True,True,True,True,True,True
Quem criou Family Guy?,True,remove column,remove column,remove column,remove column,remove column,remove column,remove column,remove column,remove column,remove column,remove column,True,True,True,True,True,True,True,True,True,True,True,True,True,True,True,True,True,True,True,True,True,True,True,True
Qual a língua oficial do Suriname?,False,remove column,remove column,remove column,remove column,remove column,remove column,remove column,remove column,remove column,remove column,remove column,False,False,False,False,False,False,False,False,False,False,False,False,False,False,False,False,False,False,False,False,False,False,False,False
Quem escreveu a canção Hotel California?,True,remove column,remove column,remove column,remove column,remove column,remove column,remove column,remove column,remove column,remove column,remove column,True,True,True,True,True,True,True,True,True,True,True,True,True,True,True,True,True,True,True,True,True,True,True,True
Liste todos os atores que estrelaram em filmes dirigidos por William Shatner.,True,remove column,remove column,remove column,remove column,remove column,remove column,remove column,remove column,remove column,remove column,remove column,True,True,True,True,True,True,True,True,True,True,True,True,True,True,True,True,True,True,True,True,True,True,True,True
Quais são os ingredientes do biscoito de chocolate?,False,remove column,remove column,remove column,remove column,remove column,remove column,remove column,remove column,remove column,remove column,remove column,False,False,False,False,False,False,False,False,False,False,False,False,False,False,False,False,False,False,False,False,False,False,False,False
Liste todos os skatistas profissionais da Suécia.,False,remove column,remove column,remove column,remove column,remove column,remove column,remove column,remove column,remove column,remove column,remove column,False,False,False,False,False,False,False,False,False,False,False,False,False,False,False,False,False,False,False,False,False,False,False,False
Que ingredientes eu preciso para um bolo de cenoura?,False,remove column,remove column,remove column,remove column,remove column,remove column,remove column,remove column,remove column,remove column,remove column,False,False,False,False,False,False,False,False,False,False,False,False,False,False,False,False,False,False,False,False,False,False,False,False
O Neymar joga no Real Madrid?,False,remove column,remove column,remove column,remove column,remove column,remove column,remove column,remove column,remove column,remove column,remove column,False,False,False,False,False,False,False,False,False,False,False,False,False,False,False,False,False,False,False,False,False,False,False,False
Que cientista da computação ganhou um Oscar?,False,remove column,remove column,remove column,remove column,remove column,remove column,remove column,remove column,remove column,remove column,remove column,False,False,False,False,False,False,False,False,False,False,False,False,False,False,False,False,False,False,False,False,False,False,False,False
Quantas empresas foram fundadas no mesmo ano que o Google?,True,remove column,remove column,remove column,remove column,remove column,remove column,remove column,remove column,remove column,remove column,remove column,False,False,False,False,False,False,False,False,False,False,False,False,False,False,False,False,False,False,False,False,False,False,False,False
Em que cidade da Inglaterra está a sede do MI6?,True,remove column,remove column,remove column,remove column,remove column,remove column,remove column,remove column,remove column,remove column,remove column,False,False,False,False,False,False,False,False,False,False,False,False,False,False,False,False,False,False,False,False,True,True,True,True
A Crise dos Mísseis de Cuba ocorreu antes da Invasão da Baía dos Porcos?,False,remove column,remove column,remove column,remove column,remove column,remove column,remove column,remove column,remove column,remove column,remove column,False,False,False,False,False,False,False,False,False,False,False,False,False,False,False,False,False,False,False,False,False,False,False,False
Qual o significado de IYCM?,False,remove column,remove column,remove column,remove column,remove column,remove column,remove column,remove column,remove column,remove column,remove column,False,False,False,False,False,False,False,False,False,False,False,False,False,False,False,False,False,False,False,False,False,False,False,False
Quando a Dinastia Ming acabou?,True,remove column,remove column,remove column,remove column,remove column,remove column,remove column,remove column,remove column,remove column,remove column,True,True,True,True,True,True,True,True,True,True,True,True,True,True,True,True,True,True,True,True,True,True,True,True
Liste todos os episódios da primeira temporada do seriado Família Soprano da HBO.,False,remove column,remove column,remove column,remove column,remove column,remove column,remove column,remove column,remove column,remove column,remove column,False,False,False,False,False,False,False,False,False,False,False,False,False,False,False,False,False,False,False,False,False,False,False,False
"Qual é a população total de Melbourne, Florida?",True,remove column,remove column,remove column,remove column,remove column,remove column,remove column,remove column,remove column,remove column,remove column,True,True,True,True,True,True,True,True,True,True,True,True,True,True,True,True,True,True,True,True,True,True,True,True
Arnold Schwarzenegger frequentou uma universidade?,False,remove column,remove column,remove column,remove column,remove column,remove column,remove column,remove column,remove column,remove column,remove column,False,False,False,False,False,False,False,False,False,False,False,False,False,False,False,False,False,False,False,False,False,False,False,False
Em que país está o Monte Everest?,False,remove column,remove column,remove column,remove column,remove column,remove column,remove column,remove column,remove column,remove column,remove column,False,False,False,False,False,False,False,False,False,False,False,False,False,False,False,False,False,False,False,False,False,False,False,False
Qual é a maior cidade da Austrália?,False,remove column,remove column,remove column,remove column,remove column,remove column,remove column,remove column,remove column,remove column,remove column,False,False,False,False,False,False,False,False,False,False,False,False,False,False,False,False,False,False,False,False,False,False,False,False
Ache todas as plataformas de lançamento espaciais operadas pela NASA.,False,remove column,remove column,remove column,remove column,remove column,remove column,remove column,remove column,remove column,remove column,remove column,True,True,True,True,True,True,False,False,False,False,False,False,False,False,False,False,False,False,False,False,False,False,False,False
Quem é o prefeito de Tel Aviv?,True,remove column,remove column,remove column,remove column,remove column,remove column,remove column,remove column,remove column,remove column,remove column,True,True,True,True,True,True,True,True,True,True,True,True,True,True,True,True,True,True,True,True,True,True,True,True
Liste todos os episódios da primeira temporada do seriado Família Soprano da HBO.,False,remove column,remove column,remove column,remove column,remove column,remove column,remove column,remove column,remove column,remove column,remove column,False,False,False,False,False,False,False,False,False,False,False,False,False,False,False,False,False,False,False,False,False,False,False,False
Quem criou Batman?,True,remove column,remove column,remove column,remove column,remove column,remove column,remove column,remove column,remove column,remove column,remove column,True,True,True,True,True,True,True,True,True,True,True,True,True,True,True,True,True,True,True,True,True,True,True,True
Quem interpretou Gus Fring em Breaking Bad?,False,remove column,remove column,remove column,remove column,remove column,remove column,remove column,remove column,remove column,remove column,remove column,False,False,False,False,False,False,False,False,False,False,False,False,False,False,False,False,False,False,False,False,False,False,False,False
Em que linguagem de programação foi escrito o GIMP?,False,remove column,remove column,remove column,remove column,remove column,remove column,remove column,remove column,remove column,remove column,remove column,False,False,False,False,False,False,False,False,False,False,False,False,False,False,False,False,False,False,False,False,False,False,False,False
Em que império antigo você poderia pagar com grãos de cacau?,False,remove column,remove column,remove column,remove column,remove column,remove column,remove column,remove column,remove column,remove column,remove column,False,False,False,False,False,False,False,False,False,False,False,False,False,False,False,False,False,False,False,False,False,False,False,False
Quem é o editor da Forbes?,True,remove column,remove column,remove column,remove column,remove column,remove column,remove column,remove column,remove column,remove column,remove column,True,True,True,True,True,True,True,True,True,True,True,True,True,True,True,True,True,True,True,True,True,True,True,True
Quantos habitantes tem a capital da Austrália?,True,remove column,remove column,remove column,remove column,remove column,remove column,remove column,remove column,remove column,remove column,remove column,True,True,True,True,True,True,True,True,True,True,True,True,True,True,True,True,True,True,True,True,True,True,True,True
Quais surfistas profissionais nasceram na Austrália?,True,remove column,remove column,remove column,remove column,remove column,remove column,remove column,remove column,remove column,remove column,remove column,True,True,True,True,True,True,True,True,True,True,True,True,True,True,True,True,True,True,True,True,True,True,True,True
Que companhias de eletrônica foram fundadas em Beijing?,False,remove column,remove column,remove column,remove column,remove column,remove column,remove column,remove column,remove column,remove column,remove column,False,False,False,False,False,False,False,False,False,False,False,False,False,False,False,False,False,False,False,False,False,False,False,False
Mostre todos os jogos da Mean Hamster Software.,False,remove column,remove column,remove column,remove column,remove column,remove column,remove column,remove column,remove column,remove column,remove column,False,False,False,False,False,False,False,False,False,False,False,False,False,False,False,False,False,False,False,False,False,False,False,False
Quantas lojas Aldi existem?,False,remove column,remove column,remove column,remove column,remove column,remove column,remove column,remove column,remove column,remove column,remove column,False,False,False,False,False,False,False,False,False,False,False,False,False,False,False,False,False,False,False,False,False,False,False,False
Qual a capital de Camarões?,True,remove column,remove column,remove column,remove column,remove column,remove column,remove column,remove column,remove column,remove column,remove column,True,True,True,True,True,True,True,True,True,True,True,True,True,True,True,True,True,True,True,True,True,True,True,True
Há algum jogo eletrônico chamado Battle Chess?,False,remove column,remove column,remove column,remove column,remove column,remove column,remove column,remove column,remove column,remove column,remove column,False,False,False,False,False,False,False,False,False,False,False,False,False,False,False,False,False,False,False,False,False,False,False,False
A esposa do Presidente Lincoln chamava-se Mary?,False,remove column,remove column,remove column,remove column,remove column,remove column,remove column,remove column,remove column,remove column,remove column,False,False,False,False,False,False,False,False,False,False,False,False,False,False,False,False,False,False,False,False,False,False,False,False
Encontre todos os filmes dirigidos por Francis Ford Coppola.,False,remove column,remove column,remove column,remove column,remove column,remove column,remove column,remove column,remove column,remove column,remove column,False,False,False,False,False,False,False,False,False,False,False,False,False,False,False,False,False,False,False,False,False,False,False,False
Qual filme de Tim Burton teve o maior orçamento?,False,remove column,remove column,remove column,remove column,remove column,remove column,remove column,remove column,remove column,remove column,remove column,False,False,False,False,False,False,False,False,False,False,False,False,False,False,False,False,False,False,False,False,False,False,False,False
Breaking Bad tem mais episódios do que Game of Thrones?,False,remove column,remove column,remove column,remove column,remove column,remove column,remove column,remove column,remove column,remove column,remove column,False,False,False,False,False,False,False,False,False,False,False,False,False,False,False,False,False,False,False,False,False,False,False,False
Quem era chamado de Rodzilla?,False,remove column,remove column,remove column,remove column,remove column,remove column,remove column,remove column,remove column,remove column,remove column,False,False,False,False,False,False,False,False,False,False,False,False,False,False,False,False,False,False,False,False,False,False,False,False
Natalie Portman nasceu nos Estados Unidos?,False,remove column,remove column,remove column,remove column,remove column,remove column,remove column,remove column,remove column,remove column,remove column,True,True,True,True,True,True,True,True,True,True,True,True,True,True,True,True,True,True,True,True,True,True,True,True
Mostre os netos de Elvis Presley.,True,remove column,remove column,remove column,remove column,remove column,remove column,remove column,remove column,remove column,remove column,remove column,True,True,True,True,True,True,True,True,True,True,True,True,True,True,True,True,True,True,True,True,True,True,True,True
Quais filmes protagonizados por Mickey Rourke foram dirigidos por Guy Ritchie?,False,remove column,remove column,remove column,remove column,remove column,remove column,remove column,remove column,remove column,remove column,remove column,False,False,False,False,False,False,True,True,True,True,False,False,False,False,True,True,True,True,True,True,True,True,True,True
Quando morreu o criador de Drácula?,False,remove column,remove column,remove column,remove column,remove column,remove column,remove column,remove column,remove column,remove column,remove column,False,False,False,False,False,False,False,False,False,False,False,False,False,False,False,False,False,False,False,False,False,False,False,False
De que país vem o criador de Miffy?,False,remove column,remove column,remove column,remove column,remove column,remove column,remove column,remove column,remove column,remove column,remove column,False,False,False,False,False,False,False,False,False,False,False,False,False,False,False,False,False,False,False,False,False,False,False,False
Qual é o nome verdadeiro do Batman?,True,remove column,remove column,remove column,remove column,remove column,remove column,remove column,remove column,remove column,remove column,remove column,True,True,True,True,True,True,True,True,True,True,True,True,True,True,True,True,True,True,True,True,True,True,True,True
Que forma de governo a Rússia possui?,False,remove column,remove column,remove column,remove column,remove column,remove column,remove column,remove column,remove column,remove column,remove column,False,False,False,False,False,False,False,False,False,False,False,False,False,False,False,False,False,False,False,False,False,False,False,False
Quantas companhias foram fundadas pelo fundador do Facebook?,True,remove column,remove column,remove column,remove column,remove column,remove column,remove column,remove column,remove column,remove column,remove column,True,True,True,True,True,True,True,True,True,True,True,True,True,True,True,True,True,True,True,True,True,True,True,True
Liste todas as gravadoras canadenses de música Grunge.,False,remove column,remove column,remove column,remove column,remove column,remove column,remove column,remove column,remove column,remove column,remove column,False,False,False,False,False,False,False,False,False,False,False,False,False,False,False,False,False,False,False,False,False,False,False,False
Quantos filhos Benjamim Franklin teve?,False,remove column,remove column,remove column,remove column,remove column,remove column,remove column,remove column,remove column,remove column,remove column,False,False,False,False,False,False,False,False,False,False,False,False,False,False,False,False,False,False,False,False,False,False,False,False
Liste os filhos de Margaret Thatcher.,False,remove column,remove column,remove column,remove column,remove column,remove column,remove column,remove column,remove column,remove column,remove column,False,False,False,False,False,False,False,False,False,False,False,False,False,False,False,False,False,False,False,False,False,False,False,False
De que região é o Melon de Bourgogne?,False,remove column,remove column,remove column,remove column,remove column,remove column,remove column,remove column,remove column,remove column,remove column,False,False,False,False,False,False,False,False,False,False,False,False,False,False,False,False,False,False,False,False,False,False,False,False
Qual é o filho mais velho de Meryl Streep?,True,remove column,remove column,remove column,remove column,remove column,remove column,remove column,remove column,remove column,remove column,remove column,True,True,True,True,True,True,True,True,True,True,True,True,True,True,True,True,True,True,True,True,True,True,True,True
As rãs arborícolas são um tipo de anfíbio?,False,remove column,remove column,remove column,remove column,remove column,remove column,remove column,remove column,remove column,remove column,remove column,False,False,False,False,False,False,False,False,False,False,False,False,False,False,False,False,False,False,False,False,False,False,False,False
Christian Bale atua em Velvet Goldmine?,True,remove column,remove column,remove column,remove column,remove column,remove column,remove column,remove column,remove column,remove column,remove column,True,True,True,True,True,True,True,True,True,True,True,True,True,True,True,True,True,True,True,True,True,True,True,True
Liste todos os jogos da GMT.,False,remove column,remove column,remove column,remove column,remove column,remove column,remove column,remove column,remove column,remove column,remove column,False,False,False,False,False,False,False,False,False,False,False,False,False,False,False,False,False,False,False,False,False,False,False,False
O Isar desemboca em um lago?,False,remove column,remove column,remove column,remove column,remove column,remove column,remove column,remove column,remove column,remove column,remove column,False,False,False,False,False,False,False,False,False,False,False,False,False,False,False,False,False,False,False,False,False,False,False,False
Que aeroportos a Yeti Airlines serve?,False,remove column,remove column,remove column,remove column,remove column,remove column,remove column,remove column,remove column,remove column,remove column,False,False,False,False,False,False,False,False,False,False,False,False,False,False,False,False,False,False,False,False,False,False,False,False
Que empresa indiana tem o maior número de empregados?,False,remove column,remove column,remove column,remove column,remove column,remove column,remove column,remove column,remove column,remove column,remove column,False,False,False,False,False,False,False,False,False,False,False,False,False,False,False,False,False,False,False,False,False,False,False,False
Que cor expressa a lealdade?,False,remove column,remove column,remove column,remove column,remove column,remove column,remove column,remove column,remove column,remove column,remove column,False,False,False,False,False,False,False,False,False,False,False,False,False,False,False,False,False,False,False,False,False,False,False,False
Qual a cidade com maior população?,False,remove column,remove column,remove column,remove column,remove column,remove column,remove column,remove column,remove column,remove column,remove column,False,False,False,False,False,False,False,False,False,False,False,False,False,False,False,False,False,False,False,False,False,False,False,False
Quem criou a Wikipedia?,False,remove column,remove column,remove column,remove column,remove column,remove column,remove column,remove column,remove column,remove column,remove column,False,False,False,False,False,False,False,False,False,False,False,False,False,False,False,False,False,False,False,False,False,False,False,False
Rita Wilson é a esposa de Tom Hanks?,False,remove column,remove column,remove column,remove column,remove column,remove column,remove column,remove column,remove column,remove column,remove column,False,False,False,False,False,False,False,False,False,False,False,False,False,False,False,False,False,False,False,False,False,False,False,False
A esposa do presidente Obama chama-se Michelle?,False,remove column,remove column,remove column,remove column,remove column,remove column,remove column,remove column,remove column,remove column,remove column,False,False,False,False,False,False,False,False,False,False,False,False,False,False,False,False,False,False,False,False,False,False,False,False
Quantos grupos étnicos vivem na Eslovênia?,False,remove column,remove column,remove column,remove column,remove column,remove column,remove column,remove column,remove column,remove column,remove column,False,False,False,False,False,False,False,False,False,False,False,False,False,False,False,False,False,False,False,False,False,False,False,False
Quem é o presidente da Eritrea?,False,remove column,remove column,remove column,remove column,remove column,remove column,remove column,remove column,remove column,remove column,remove column,False,False,False,False,False,False,False,False,False,False,False,False,False,False,False,False,False,False,False,False,False,False,False,False
Que filmes Stanley Kubrick dirigiu?,False,remove column,remove column,remove column,remove column,remove column,remove column,remove column,remove column,remove column,remove column,remove column,False,False,False,False,False,False,False,False,False,False,False,False,False,False,False,False,False,False,False,False,False,False,False,False
Quando o Titanic foi completado?,False,remove column,remove column,remove column,remove column,remove column,remove column,remove column,remove column,remove column,remove column,remove column,False,False,False,False,False,False,False,False,False,False,False,False,False,False,False,False,False,False,False,False,False,False,False,False
Quantas páginas tem Guerra e Paz?,False,remove column,remove column,remove column,remove column,remove column,remove column,remove column,remove column,remove column,remove column,remove column,False,False,False,False,False,False,False,False,False,False,False,False,False,False,False,False,False,False,False,False,False,False,False,False
Quem é o jogador mais jovem da Premier League?,True,remove column,remove column,remove column,remove column,remove column,remove column,remove column,remove column,remove column,remove column,remove column,True,True,True,True,True,True,True,True,True,True,True,True,True,True,True,True,True,True,True,True,True,True,True,True
Qual a montanha mais alta da Itália?,False,remove column,remove column,remove column,remove column,remove column,remove column,remove column,remove column,remove column,remove column,remove column,False,False,False,False,False,False,False,False,False,False,False,False,False,False,False,False,False,False,False,False,False,False,False,False
Qual a altura de Claudia Schiffer?,True,remove column,remove column,remove column,remove column,remove column,remove column,remove column,remove column,remove column,remove column,remove column,True,True,True,True,True,True,True,True,True,True,True,True,True,True,True,True,True,True,True,True,True,True,True,True
Quem foi o vice presidente de John F. Kennedy?,False,remove column,remove column,remove column,remove column,remove column,remove column,remove column,remove column,remove column,remove column,remove column,False,False,False,False,False,False,False,False,False,False,False,False,False,False,False,False,False,False,False,False,False,False,False,False
Que subsidiária da Lufthansa atende Dortmund e Berlin?,False,remove column,remove column,remove column,remove column,remove column,remove column,remove column,remove column,remove column,remove column,remove column,False,False,False,False,True,True,False,False,False,False,False,False,False,False,False,False,False,False,False,False,False,False,False,False
Quem foi o sucessor de John F. Kennedy?,False,remove column,remove column,remove column,remove column,remove column,remove column,remove column,remove column,remove column,remove column,remove column,False,False,False,False,False,False,False,False,False,False,False,False,False,False,False,False,False,False,False,False,False,False,False,False
Quem compôs a trilha sonora do Titanic de Cameron?,False,remove column,remove column,remove column,remove column,remove column,remove column,remove column,remove column,remove column,remove column,remove column,False,False,False,False,False,False,False,False,False,False,False,False,False,False,False,False,False,False,False,False,False,False,False,False
Quais filmes Kurosawa dirigiu?,False,remove column,remove column,remove column,remove column,remove column,remove column,remove column,remove column,remove column,remove column,remove column,False,False,False,False,False,False,False,False,False,False,False,False,False,False,False,False,False,False,False,False,False,False,False,False
Para qual gravadora Elvis gravou seu primeiro álbum?,False,remove column,remove column,remove column,remove column,remove column,remove column,remove column,remove column,remove column,remove column,remove column,False,False,False,False,False,False,False,False,False,False,False,False,False,False,False,False,False,False,False,False,False,False,False,False
Em que fuso horário está Roma?,True,remove column,remove column,remove column,remove column,remove column,remove column,remove column,remove column,remove column,remove column,remove column,True,True,True,True,True,True,True,True,True,True,True,True,True,True,True,True,True,True,True,True,True,True,True,True
Qual a moeda da China?,True,remove column,remove column,remove column,remove column,remove column,remove column,remove column,remove column,remove column,remove column,remove column,True,True,True,True,True,True,True,True,True,True,True,True,True,True,True,True,True,True,True,True,True,True,True,True
Quem são os desenvolvedores do DBPedia?,True,remove column,remove column,remove column,remove column,remove column,remove column,remove column,remove column,remove column,remove column,remove column,True,True,True,True,True,True,True,True,True,True,True,True,True,True,True,True,True,True,True,True,True,True,True,True
O local onde Abraham Lincoln morreu tem um website?,True,remove column,remove column,remove column,remove column,remove column,remove column,remove column,remove column,remove column,remove column,remove column,True,True,True,True,True,True,True,True,True,True,True,True,True,True,True,True,True,True,True,True,True,True,True,True
Quem é o rei da Holanda?,False,remove column,remove column,remove column,remove column,remove column,remove column,remove column,remove column,remove column,remove column,remove column,False,False,False,False,False,False,False,False,False,False,False,False,False,False,False,False,False,False,False,False,False,False,False,False
Em que cidade Nikos Kazantzakis morreu?,False,remove column,remove column,remove column,remove column,remove column,remove column,remove column,remove column,remove column,remove column,remove column,False,False,False,False,False,False,False,False,False,False,False,False,False,False,False,False,False,False,False,False,False,False,False,False
Quem foi o pai da Rainha Elizabeth II?,False,remove column,remove column,remove column,remove column,remove column,remove column,remove column,remove column,remove column,remove column,remove column,False,False,False,False,False,False,False,False,False,False,False,False,False,False,False,False,False,False,False,False,False,False,False,False
Liste todas as aves que correm perigo de extinção.,False,remove column,remove column,remove column,remove column,remove column,remove column,remove column,remove column,remove column,remove column,remove column,False,False,False,False,False,False,False,False,False,False,False,False,False,False,False,False,False,False,False,False,False,False,False,False
Quantos habitantes tem a maior cidade do Canadá?,True,remove column,remove column,remove column,remove column,remove column,remove column,remove column,remove column,remove column,remove column,remove column,True,True,True,True,True,True,True,True,True,True,True,True,True,True,True,True,True,True,True,True,True,True,True,True
De quais conflitos militares Lawrence da Arábia participou?,False,remove column,remove column,remove column,remove column,remove column,remove column,remove column,remove column,remove column,remove column,remove column,False,False,False,False,False,False,False,False,False,False,False,False,False,False,False,False,False,False,False,False,False,False,False,False
Qual o livro com maior número de páginas?,False,remove column,remove column,remove column,remove column,remove column,remove column,remove column,remove column,remove column,remove column,remove column,False,False,False,False,False,False,False,False,False,False,False,False,False,False,False,False,False,False,False,False,False,False,False,False
Em que país nasce o Nilo?,False,remove column,remove column,remove column,remove column,remove column,remove column,remove column,remove column,remove column,remove column,remove column,False,False,False,False,False,False,False,False,False,False,False,False,False,False,False,False,False,False,False,False,False,False,False,False
Quem é o piloto de Fórmula 1 com mais corridas?,False,remove column,remove column,remove column,remove column,remove column,remove column,remove column,remove column,remove column,remove column,remove column,False,False,False,False,False,False,False,False,False,False,False,False,False,False,False,False,False,False,False,False,False,False,False,False
Que companhias produzem aerodeslizadores?,False,remove column,remove column,remove column,remove column,remove column,remove column,remove column,remove column,remove column,remove column,remove column,False,False,False,False,False,False,False,False,False,False,False,False,False,False,False,False,False,False,False,False,False,False,False,False
Elvis Presley teve filhos?,True,remove column,remove column,remove column,remove column,remove column,remove column,remove column,remove column,remove column,remove column,remove column,True,True,True,True,True,True,True,True,True,True,True,True,True,True,True,True,True,True,True,True,True,True,True,True
Em que cidade o presidente de Montenegro nasceu?,True,remove column,remove column,remove column,remove column,remove column,remove column,remove column,remove column,remove column,remove column,remove column,True,True,True,True,True,True,True,True,True,True,True,True,True,True,True,True,True,True,True,True,True,True,True,True
Em que país Bill Gates nasceu?,False,remove column,remove column,remove column,remove column,remove column,remove column,remove column,remove column,remove column,remove column,remove column,False,False,False,False,False,False,False,False,False,False,False,False,False,False,False,False,False,False,False,False,False,False,False,False
Em que país se fala japonês?,False,remove column,remove column,remove column,remove column,remove column,remove column,remove column,remove column,remove column,remove column,remove column,False,False,False,False,False,False,False,False,False,False,False,False,False,False,False,False,False,False,False,False,False,False,False,False
Mostre me o livro que Muhammad Ali escreveu.,False,remove column,remove column,remove column,remove column,remove column,remove column,remove column,remove column,remove column,remove column,remove column,False,False,False,False,False,False,False,False,False,False,False,False,False,False,False,False,False,False,False,False,False,False,False,False
Michelle Obama é a esposa de Barack Obama?,True,remove column,remove column,remove column,remove column,remove column,remove column,remove column,remove column,remove column,remove column,remove column,True,True,True,True,True,True,True,True,True,True,True,True,True,True,True,True,True,True,True,True,True,True,True,True
Qual é o código de área de Berlin?,False,remove column,remove column,remove column,remove column,remove column,remove column,remove column,remove column,remove column,remove column,remove column,False,False,False,False,False,False,False,False,False,False,False,False,False,False,False,False,False,False,False,False,False,False,False,False
Liste todos os atores que atuaram em Last Action Hero.,False,remove column,remove column,remove column,remove column,remove column,remove column,remove column,remove column,remove column,remove column,remove column,False,False,False,False,False,False,False,False,False,False,False,False,False,False,False,False,False,False,False,False,False,False,False,False
Quais são os apelidos de San Francisco?,False,remove column,remove column,remove column,remove column,remove column,remove column,remove column,remove column,remove column,remove column,remove column,False,False,False,False,False,False,False,False,False,False,False,False,False,False,False,False,False,False,False,False,False,False,False,False
Qual foi o primeiro álbum do Queen?,False,remove column,remove column,remove column,remove column,remove column,remove column,remove column,remove column,remove column,remove column,remove column,False,False,False,False,False,False,False,False,False,False,False,False,False,False,False,False,False,False,False,False,False,False,False,False
Por quais países o rio Yenisei passa?,False,remove column,remove column,remove column,remove column,remove column,remove column,remove column,remove column,remove column,remove column,remove column,False,False,False,False,False,False,False,False,False,False,False,False,False,False,False,False,False,False,False,False,False,False,False,False
Quais séries de televisão foram criadas por Walt Disney?,True,remove column,remove column,remove column,remove column,remove column,remove column,remove column,remove column,remove column,remove column,remove column,True,True,True,True,True,True,True,True,True,True,True,True,True,True,True,True,True,True,True,True,True,True,True,True
Qual a ponte mais comprida?,False,remove column,remove column,remove column,remove column,remove column,remove column,remove column,remove column,remove column,remove column,remove column,False,False,False,False,False,False,False,False,False,False,False,False,False,False,False,False,False,False,False,False,False,False,False,False
De que país é a Sitecore,False,remove column,remove column,remove column,remove column,remove column,remove column,remove column,remove column,remove column,remove column,remove column,False,False,False,False,False,False,False,False,False,False,False,False,False,False,False,False,False,False,False,False,False,False,False,False
Com quem Lance Bass casou-se?,False,remove column,remove column,remove column,remove column,remove column,remove column,remove column,remove column,remove column,remove column,remove column,False,False,False,False,False,False,False,False,False,False,False,False,False,False,False,False,False,False,False,False,False,False,False,False
Qual a capital do Canadá?,True,remove column,remove column,remove column,remove column,remove column,remove column,remove column,remove column,remove column,remove column,remove column,True,True,True,True,True,True,True,True,True,True,True,True,True,True,True,True,True,True,True,True,True,True,True,True
Em quem Vincent van Gogh inspirou-se?,False,remove column,remove column,remove column,remove column,remove column,remove column,remove column,remove column,remove column,remove column,remove column,False,False,False,False,False,False,False,False,False,False,False,False,False,False,False,False,False,False,False,False,False,False,False,False
Em que cidade John F. Kennedy morreu?,False,remove column,remove column,remove column,remove column,remove column,remove column,remove column,remove column,remove column,remove column,remove column,False,False,False,False,False,False,False,False,False,False,False,False,False,False,False,False,False,False,False,False,False,False,False,False
O presidente Jackson dos EUA envolveu-se em uma guerra?,False,remove column,remove column,remove column,remove column,remove column,remove column,remove column,remove column,remove column,remove column,remove column,False,False,False,False,False,False,False,False,False,False,False,False,False,False,False,False,False,False,False,False,False,False,False,False
Quem escreveu o tema do Game of Thrones?,False,remove column,remove column,remove column,remove column,remove column,remove column,remove column,remove column,remove column,remove column,remove column,False,False,False,False,False,False,False,False,False,False,False,False,False,False,False,False,False,False,False,False,False,False,False,False
Quem projetou a Ponte do Brooklin?,False,remove column,remove column,remove column,remove column,remove column,remove column,remove column,remove column,remove column,remove column,remove column,False,False,False,False,False,False,False,False,False,False,False,False,False,False,False,False,False,False,False,False,False,False,False,False
Quando Boris Becker encerrou sua carreira?,True,remove column,remove column,remove column,remove column,remove column,remove column,remove column,remove column,remove column,remove column,remove column,True,True,True,True,True,True,True,True,True,True,True,True,True,True,True,True,True,True,True,True,True,True,True,True
Que tipos de uvas crescem no Oregon?,False,remove column,remove column,remove column,remove column,remove column,remove column,remove column,remove column,remove column,remove column,remove column,False,False,False,False,False,False,False,False,False,False,False,False,False,False,False,False,False,False,False,False,False,False,False,False
Qual a altura de Michael Jordan?,True,remove column,remove column,remove column,remove column,remove column,remove column,remove column,remove column,remove column,remove column,remove column,True,True,True,True,True,True,True,True,True,True,True,True,True,True,True,True,True,True,True,True,True,True,True,True
A que partido o prefeito de Paris pertence?,False,remove column,remove column,remove column,remove column,remove column,remove column,remove column,remove column,remove column,remove column,remove column,False,False,False,False,False,False,False,False,False,False,False,False,False,False,False,False,False,False,False,False,False,False,False,False
Quem escreveu o livro Os Pilares da Terra?,True,remove column,remove column,remove column,remove column,remove column,remove column,remove column,remove column,remove column,remove column,remove column,True,True,True,True,True,True,True,True,True,True,True,True,True,True,True,True,True,True,True,True,True,True,True,True
Quem foi o 16o presidente dos Estados Unidos?,True,remove column,remove column,remove column,remove column,remove column,remove column,remove column,remove column,remove column,remove column,remove column,True,True,True,True,True,True,True,True,True,True,True,True,True,True,True,True,True,True,True,True,True,True,True,True
Qual a altura do Monte Everest?,False,remove column,remove column,remove column,remove column,remove column,remove column,remove column,remove column,remove column,remove column,remove column,False,False,False,False,False,False,False,False,False,False,False,False,False,False,False,False,False,False,False,False,False,False,False,False
Quem foi o orientador do doutorado de Albert Einstein?,True,remove column,remove column,remove column,remove column,remove column,remove column,remove column,remove column,remove column,remove column,remove column,True,True,True,True,True,True,True,True,True,True,True,True,True,True,True,True,True,True,True,True,True,True,True,True
Em que cidade Sylvester Stallone mora?,False,remove column,remove column,remove column,remove column,remove column,remove column,remove column,remove column,remove column,remove column,remove column,False,False,False,False,False,False,False,False,False,False,False,False,False,False,False,False,False,False,False,False,False,False,False,False
Qual a moeda da República Tcheca?,False,remove column,remove column,remove column,remove column,remove column,remove column,remove column,remove column,remove column,remove column,remove column,False,False,False,False,False,False,False,False,False,False,False,False,False,False,False,False,False,False,False,False,False,False,False,False
Sócrates influenciou Aristóteles?,False,remove column,remove column,remove column,remove column,remove column,remove column,remove column,remove column,remove column,remove column,remove column,False,False,False,False,False,False,False,False,False,False,False,False,False,False,False,False,False,False,False,False,False,False,False,False
Qual o fuso horário de Salt Lake City?,False,remove column,remove column,remove column,remove column,remove column,remove column,remove column,remove column,remove column,remove column,remove column,False,False,False,False,False,False,False,False,False,False,False,False,False,False,False,False,False,False,False,False,False,False,False,False
Quem é o filho de Sonny e Cher?,False,remove column,remove column,remove column,remove column,remove column,remove column,remove column,remove column,remove column,remove column,remove column,False,False,False,False,False,False,False,False,False,False,False,False,False,False,False,False,False,False,False,False,False,False,False,False
Em que cidade está a sede das Nações Unidas?,False,remove column,remove column,remove column,remove column,remove column,remove column,remove column,remove column,remove column,remove column,remove column,False,False,False,False,False,False,False,False,False,False,False,False,False,False,False,False,False,False,False,False,False,False,False,False
Quem é o fundador da Penquin Books?,False,remove column,remove column,remove column,remove column,remove column,remove column,remove column,remove column,remove column,remove column,remove column,False,False,False,False,False,False,False,False,False,False,False,False,False,False,False,False,False,False,False,False,False,False,False,False
Quando foi fundada a Jack Wolfskin?,False,remove column,remove column,remove column,remove column,remove column,remove column,remove column,remove column,remove column,remove column,remove column,False,False,False,False,False,False,False,False,False,False,False,False,False,False,False,False,False,False,False,False,False,False,False,False
Quem é o prefeito de Rotterdam?,False,remove column,remove column,remove column,remove column,remove column,remove column,remove column,remove column,remove column,remove column,remove column,False,False,False,False,False,False,False,False,False,False,False,False,False,False,False,False,False,False,False,False,False,False,False,False
Liste todos os oceanógrafos suecos.,False,remove column,remove column,remove column,remove column,remove column,remove column,remove column,remove column,remove column,remove column,remove column,False,False,False,False,False,False,False,False,False,False,False,False,False,False,False,False,False,False,False,False,False,False,False,False
Mostre-me a autobiografia de Hemingway.,True,remove column,remove column,remove column,remove column,remove column,remove column,remove column,remove column,remove column,remove column,remove column,True,True,True,True,True,True,True,True,True,True,True,True,True,True,True,True,True,True,True,True,True,True,True,True
Quem são os pais da esposa de Juan Carlos I?,False,remove column,remove column,remove column,remove column,remove column,remove column,remove column,remove column,remove column,remove column,remove column,False,False,False,False,False,False,False,False,False,False,False,False,False,False,False,False,False,False,False,False,False,False,False,False
Tesla ganhou um Prêmio Nobel de Física?,False,remove column,remove column,remove column,remove column,remove column,remove column,remove column,remove column,remove column,remove column,remove column,False,False,False,False,False,False,False,False,False,False,False,False,False,False,False,False,False,False,False,False,False,False,False,False
Quem é o jogador de basquete mais alto?,False,remove column,remove column,remove column,remove column,remove column,remove column,remove column,remove column,remove column,remove column,remove column,False,False,False,False,False,False,False,False,False,False,False,False,False,False,False,False,False,False,False,False,False,False,False,False
Qual cidade tem menos habitantes?,False,remove column,remove column,remove column,remove column,remove column,remove column,remove column,remove column,remove column,remove column,remove column,False,False,False,False,False,False,False,False,False,False,False,False,False,False,False,False,False,False,False,False,False,False,False,False
A proinsulina é uma proteína?,False,remove column,remove column,remove column,remove column,remove column,remove column,remove column,remove column,remove column,remove column,remove column,False,False,False,False,False,False,False,False,False,False,False,False,False,False,False,False,False,False,False,False,False,False,False,False
Quem foram os pais da Rainha Victoria?,False,remove column,remove column,remove column,remove column,remove column,remove column,remove column,remove column,remove column,remove column,remove column,False,False,False,False,False,False,False,False,False,False,False,False,False,False,False,False,False,False,False,False,False,False,False,False
Che Guevara teve filhos?,False,remove column,remove column,remove column,remove column,remove column,remove column,remove column,remove column,remove column,remove column,remove column,False,False,False,False,False,False,False,False,False,False,False,False,False,False,False,False,False,False,False,False,False,False,False,False
O lago Baikal é maior do que o lago Great Bear?,False,remove column,remove column,remove column,remove column,remove column,remove column,remove column,remove column,remove column,remove column,remove column,False,False,False,False,False,False,False,False,False,False,False,False,False,False,False,False,False,False,False,False,False,False,False,False
Kaurismäki alguma vez venceu o Grand Prix de Cannes?,False,remove column,remove column,remove column,remove column,remove column,remove column,remove column,remove column,remove column,remove column,remove column,False,False,False,False,False,False,False,False,False,False,False,False,False,False,False,False,False,False,False,False,False,False,False,False
Liste todos os livros de William Goldman com mais de 300 páginas.,True,remove column,remove column,remove column,remove column,remove column,remove column,remove column,remove column,remove column,remove column,remove column,True,True,True,True,True,True,True,True,True,True,True,True,True,True,True,True,True,True,True,True,True,True,True,True
Onde está localizado o Fort Knox?,True,remove column,remove column,remove column,remove column,remove column,remove column,remove column,remove column,remove column,remove column,remove column,True,True,True,True,True,True,True,True,True,True,True,True,True,True,True,True,True,True,True,True,True,True,True,True
Em que estado dos EUA fica o Fort Knox?,False,remove column,remove column,remove column,remove column,remove column,remove column,remove column,remove column,remove column,remove column,remove column,False,False,False,False,False,False,False,False,False,False,False,False,False,False,False,False,False,False,False,False,False,False,False,False
Onde está enterrado Syngman Rhee?,False,remove column,remove column,remove column,remove column,remove column,remove column,remove column,remove column,remove column,remove column,remove column,False,False,False,False,False,False,False,False,False,False,False,False,False,False,False,False,False,False,False,False,False,False,False,False
Qual é o fuso horário de São Pedro de Atacama?,False,remove column,remove column,remove column,remove column,remove column,remove column,remove column,remove column,remove column,remove column,remove column,False,False,False,False,False,False,False,False,False,False,False,False,False,False,False,False,False,False,False,False,False,False,False,False
A que movimento artístico o pintor do quadro As Três Dançarinas pertencia?,False,remove column,remove column,remove column,remove column,remove column,remove column,remove column,remove column,remove column,remove column,remove column,False,False,False,False,False,False,False,False,False,False,False,False,False,False,False,False,False,False,False,False,False,False,False,False
Que cientista é conhecido pelo Projeto Manhattan e pelo Prêmio Nobel da Paz?,False,remove column,remove column,remove column,remove column,remove column,remove column,remove column,remove column,remove column,remove column,remove column,False,False,False,False,False,False,False,False,False,False,False,False,False,False,False,False,False,False,False,False,False,False,False,False
Mostre-me todos os livros de Asimov da série Fundação.,True,remove column,remove column,remove column,remove column,remove column,remove column,remove column,remove column,remove column,remove column,remove column,False,False,True,True,True,True,True,True,True,True,True,True,True,True,True,True,True,True,True,True,True,True,True,True
Liste todas as cidades em New Jersey com mais de 100000 habitantes.,False,remove column,remove column,remove column,remove column,remove column,remove column,remove column,remove column,remove column,remove column,remove column,False,False,False,False,False,False,False,False,False,False,False,False,False,False,False,False,False,False,False,False,False,False,False,False
Que museu de Nova York tem mais visitantes?,False,remove column,remove column,remove column,remove column,remove column,remove column,remove column,remove column,remove column,remove column,remove column,False,False,False,False,False,False,False,False,False,False,False,False,False,False,False,False,False,False,False,False,False,False,False,False
Qual a altura da torre Yokohama Marine?,False,remove column,remove column,remove column,remove column,remove column,remove column,remove column,remove column,remove column,remove column,remove column,False,False,False,False,False,False,False,False,False,False,False,False,False,False,False,False,False,False,False,False,False,False,False,False
A nova série Battlestar Galactica tem mais episódios do que a anterior?,False,remove column,remove column,remove column,remove column,remove column,remove column,remove column,remove column,remove column,remove column,remove column,False,False,False,False,False,False,False,False,False,False,False,False,False,False,False,False,False,False,False,False,False,False,False,False
Quem é o jogador mais jovem de dardos?,False,remove column,remove column,remove column,remove column,remove column,remove column,remove column,remove column,remove column,remove column,remove column,False,False,False,False,False,False,False,False,False,False,False,False,False,False,False,False,False,False,False,False,False,False,False,False
Quem desenvolveu o jogo World of Warcraft?,False,remove column,remove column,remove column,remove column,remove column,remove column,remove column,remove column,remove column,remove column,remove column,False,False,False,False,False,False,False,False,False,False,False,False,False,False,False,False,False,False,False,False,False,False,False,False
Qual papa fundou a Televisão do Vaticano?,False,remove column,remove column,remove column,remove column,remove column,remove column,remove column,remove column,remove column,remove column,remove column,False,False,False,False,False,False,False,False,False,False,False,False,False,False,False,False,False,False,False,False,False,False,False,False
Quem compôs a música para Harold e Maude?,False,remove column,remove column,remove column,remove column,remove column,remove column,remove column,remove column,remove column,remove column,remove column,False,False,False,False,False,False,False,False,False,False,False,False,False,False,False,False,False,False,False,False,False,False,False,False
Liste todos os membros da Prodigy,True,remove column,remove column,remove column,remove column,remove column,remove column,remove column,remove column,remove column,remove column,remove column,True,True,True,True,True,True,True,True,True,True,True,True,True,True,True,True,True,True,True,True,True,True,True,True
Quem atua nos filmes espanhois produzidos por Benicio del Toro?,False,remove column,remove column,remove column,remove column,remove column,remove column,remove column,remove column,remove column,remove column,remove column,True,True,True,True,True,True,True,True,True,True,True,True,True,True,True,True,True,True,True,True,True,True,True,True
Qual subsidiária da TUI Travel vôa para Glasgow e Dublin?,False,remove column,remove column,remove column,remove column,remove column,remove column,remove column,remove column,remove column,remove column,remove column,False,False,False,False,False,False,False,False,False,False,False,False,False,False,False,False,False,False,False,False,False,False,False,False
Em qual país está localizada Meca?,False,remove column,remove column,remove column,remove column,remove column,remove column,remove column,remove column,remove column,remove column,remove column,False,False,False,False,False,False,False,False,False,False,False,False,False,False,False,False,False,False,False,False,False,False,False,False
Quantos idiomas são falados na Colômbia?,False,remove column,remove column,remove column,remove column,remove column,remove column,remove column,remove column,remove column,remove column,remove column,True,True,True,True,True,True,True,True,True,True,True,True,True,True,True,True,True,True,True,True,True,True,True,True
Qual o maior estádio da Espanha?,True,remove column,remove column,remove column,remove column,remove column,remove column,remove column,remove column,remove column,remove column,remove column,True,True,True,True,True,True,True,True,True,True,True,True,True,True,True,True,True,True,True,True,True,True,True,True
Que surfistas profissionais nasceram nas Filipinas?,True,remove column,remove column,remove column,remove column,remove column,remove column,remove column,remove column,remove column,remove column,remove column,True,True,True,True,True,True,True,True,True,True,True,True,True,True,True,True,True,True,True,True,True,True,True,True
Quais são os cinco condados de New York?,False,remove column,remove column,remove column,remove column,remove column,remove column,remove column,remove column,remove column,remove column,remove column,False,False,False,False,False,False,False,False,False,False,False,False,False,False,False,False,False,False,False,False,False,False,False,False
Cola é uma bebida?,False,remove column,remove column,remove column,remove column,remove column,remove column,remove column,remove column,remove column,remove column,remove column,False,False,False,False,False,False,False,False,False,False,False,False,False,False,False,False,False,False,False,False,False,False,False,False
Quando a princesa Diana morreu?,False,remove column,remove column,remove column,remove column,remove column,remove column,remove column,remove column,remove column,remove column,remove column,False,False,False,False,False,False,False,False,False,False,False,False,False,False,False,False,False,False,False,False,False,False,False,False
Onde é produzido o vinho espumante na França?,False,remove column,remove column,remove column,remove column,remove column,remove column,remove column,remove column,remove column,remove column,remove column,False,False,False,False,False,False,False,False,False,False,False,False,False,False,False,False,False,False,False,False,False,False,False,False
