;base;base;base;base;base;base;base;base;base;base;slm1;slm1;slm1;slm1;slm1;slm1;slm1;slm1;slm1;slm1;slm1n;slm1n;slm1n;slm1n;slm1n;slm1n;slm1n;slm1n;slm1n;slm1n
;10;30;50;75;100;150;200;300;400;500;10;30;50;75;100;150;200;300;400;500;10;30;50;75;100;150;200;300;400;500
Quando foi a batalha de Gettysburg?;0;remove column;remove column;remove column;remove column;remove column;remove column;remove column;remove column;remove column;0;0;0;0;0;0;0;0;0;0;0;0;0;0;0;0;0;0;0;0
Liste todos os musicais com músicas de Elton John.;3;remove column;remove column;remove column;remove column;remove column;remove column;remove column;remove column;remove column;3;3;3;3;3;3;3;3;3;3;3;3;3;3;3;3;3;3;3;3
Qual a altura do Farol em Colombo?;0;remove column;remove column;remove column;remove column;remove column;remove column;remove column;remove column;remove column;0;0;2;2;6;6;0;0;0;0;0;0;0;0;0;0;0;0;0;0
Quem foi a esposa do presidente americano Lincoln?;1;remove column;remove column;remove column;remove column;remove column;remove column;remove column;remove column;remove column;1;1;1;1;1;1;1;1;1;1;1;1;1;1;1;1;1;1;1;1
Quem é o apresentador do BBC Wildlife Specials?;0;remove column;remove column;remove column;remove column;remove column;remove column;remove column;remove column;remove column;0;0;0;0;0;0;0;0;0;0;0;0;0;0;0;0;0;0;0;0
Quanto custou Pulp Fiction?;0;remove column;remove column;remove column;remove column;remove column;remove column;remove column;remove column;remove column;0;0;0;0;0;0;0;0;0;0;0;0;0;0;0;0;0;0;0;0
Em que cidade fica a cervejaria Heineken?;1;remove column;remove column;remove column;remove column;remove column;remove column;remove column;remove column;remove column;1;1;1;1;1;1;1;1;1;1;1;1;1;1;1;1;1;1;1;1
Quando começou a Operação Overlord?;0;remove column;remove column;remove column;remove column;remove column;remove column;remove column;remove column;remove column;0;0;0;0;0;0;0;0;0;0;0;0;0;0;0;0;0;0;0;0
Em que cidade termina a Rota 68 do Chile?;2;remove column;remove column;remove column;remove column;remove column;remove column;remove column;remove column;remove column;0;0;0;0;0;0;0;0;0;0;2;2;2;2;2;2;2;2;2;2
Quem desenvolveu o Slack?;2;remove column;remove column;remove column;remove column;remove column;remove column;remove column;remove column;remove column;2;2;2;2;2;2;2;2;2;2;2;2;2;2;2;2;2;2;2;2
Quem foi casada com o presidente Chirac?;1;remove column;remove column;remove column;remove column;remove column;remove column;remove column;remove column;remove column;1;1;1;1;1;1;1;1;1;1;1;1;1;1;1;1;1;1;1;1
De que morreu Bruce Carver?;0;remove column;remove column;remove column;remove column;remove column;remove column;remove column;remove column;remove column;0;0;0;0;0;0;0;0;0;0;0;0;0;0;0;0;0;0;0;0
Quem pintou Tormenta no Mar da Galileia?;0;remove column;remove column;remove column;remove column;remove column;remove column;remove column;remove column;remove column;0;0;0;0;0;0;0;0;0;0;0;0;0;0;0;0;0;0;0;0
Em quais cidades o rio Weser passa?;2;remove column;remove column;remove column;remove column;remove column;remove column;remove column;remove column;remove column;1;1;1;1;1;1;1;1;1;1;1;1;2;2;2;2;2;2;2;2
Quantas cadeiras tem o estádio do Futebol Clube do Porto;0;remove column;remove column;remove column;remove column;remove column;remove column;remove column;remove column;remove column;1;1;1;1;1;1;1;1;1;1;1;1;1;1;1;1;1;1;1;1
Com quem a filha de Robert Kennedy casou-se?;0;remove column;remove column;remove column;remove column;remove column;remove column;remove column;remove column;remove column;0;0;0;0;0;0;0;0;0;0;0;0;0;0;0;0;0;0;0;0
Que livros de Kerouac foram publicados pela Viking Press?;4;remove column;remove column;remove column;remove column;remove column;remove column;remove column;remove column;remove column;0;0;0;0;0;0;0;0;2;2;0;0;2;2;4;4;4;4;4;4
Qual a altura de Amazon Eve?;0;remove column;remove column;remove column;remove column;remove column;remove column;remove column;remove column;remove column;0;0;0;0;0;0;0;0;0;0;0;0;0;0;0;0;0;0;0;0
Em que museu está exposto O Grito de Munch?;2;remove column;remove column;remove column;remove column;remove column;remove column;remove column;remove column;remove column;2;2;2;2;2;2;2;2;2;2;2;2;2;2;2;2;2;2;2;2
Quem escreveu o livro Os Pilares da Terra?;2;remove column;remove column;remove column;remove column;remove column;remove column;remove column;remove column;remove column;2;2;2;2;2;2;2;2;2;2;2;2;2;2;2;2;2;2;2;2
James Bond é casado?;1;remove column;remove column;remove column;remove column;remove column;remove column;remove column;remove column;remove column;1;1;1;1;1;1;1;1;1;1;1;1;1;1;1;1;1;1;1;1
Quem descobriu Ceres?;0;remove column;remove column;remove column;remove column;remove column;remove column;remove column;remove column;remove column;0;0;0;0;0;0;0;0;0;0;0;0;0;0;0;0;0;0;0;0
Que rio a Ponte do Brooklyn cruza?;1;remove column;remove column;remove column;remove column;remove column;remove column;remove column;remove column;remove column;1;1;1;1;1;1;1;1;1;1;1;1;1;1;1;1;1;1;1;1
Quem foi chamado de Frank The Tank?;0;remove column;remove column;remove column;remove column;remove column;remove column;remove column;remove column;remove column;0;0;0;0;0;0;0;0;0;0;0;0;0;0;0;0;0;0;0;0
Qual é o maior país do mundo;25;remove column;remove column;remove column;remove column;remove column;remove column;remove column;remove column;remove column;0;0;0;0;0;0;0;0;0;0;0;0;0;0;0;0;0;0;0;0
Quem é o prefeito de Paris?;1;remove column;remove column;remove column;remove column;remove column;remove column;remove column;remove column;remove column;1;1;1;1;1;1;1;1;1;1;1;1;1;1;1;1;1;1;1;1
Quem é o treinador da equipe de hockey no gelo de Ankara?;0;remove column;remove column;remove column;remove column;remove column;remove column;remove column;remove column;remove column;29;29;29;29;29;29;29;29;29;29;29;29;29;29;29;29;29;29;0;0
Quem é o prefeito da capital da Polinésia Francessa?;0;remove column;remove column;remove column;remove column;remove column;remove column;remove column;remove column;remove column;0;0;0;0;0;0;0;0;0;0;0;0;0;0;0;0;0;0;0;0
Que prêmios Douglas Hofstadter ganhou?;1;remove column;remove column;remove column;remove column;remove column;remove column;remove column;remove column;remove column;1;1;1;1;1;1;1;1;1;1;1;1;1;1;1;1;1;1;1;1
Quanto custou The Lego Movie?;0;remove column;remove column;remove column;remove column;remove column;remove column;remove column;remove column;remove column;0;0;0;0;0;0;0;0;0;0;0;0;0;0;0;0;0;0;0;0
Onde começa a Piccadilly?;0;remove column;remove column;remove column;remove column;remove column;remove column;remove column;remove column;remove column;0;0;0;0;0;0;0;0;0;0;0;0;0;0;0;0;0;0;0;0
O Príncipe Harry e o Príncipe William têm os mesmos pais?;2;remove column;remove column;remove column;remove column;remove column;remove column;remove column;remove column;remove column;0;0;0;0;0;0;2;2;2;2;2;2;2;2;2;2;2;2;2;2
Quem interpretou o Agente Smith em Matrix?;0;remove column;remove column;remove column;remove column;remove column;remove column;remove column;remove column;remove column;2;2;2;2;2;2;2;2;2;2;2;2;2;2;0;0;0;0;0;0
Quantos idiomas são falados no Turquemenistão?;0;remove column;remove column;remove column;remove column;remove column;remove column;remove column;remove column;remove column;0;0;0;0;0;0;0;0;0;0;0;0;0;0;0;0;0;0;0;0
Em que filmes Julia Roberts e Richard Gere atuaram?;0;remove column;remove column;remove column;remove column;remove column;remove column;remove column;remove column;remove column;0;0;0;0;0;0;0;0;0;0;0;0;0;0;0;0;0;0;0;0
Em que país nasce o Ganges?;0;remove column;remove column;remove column;remove column;remove column;remove column;remove column;remove column;remove column;0;0;0;0;0;0;0;0;0;0;0;0;0;0;0;0;0;0;0;0
Em que ano nasceu Rachel Stevens?;0;remove column;remove column;remove column;remove column;remove column;remove column;remove column;remove column;remove column;0;0;0;0;0;0;0;0;0;0;0;0;0;0;0;0;0;0;0;0
Barack Obama é um Democrata?;0;remove column;remove column;remove column;remove column;remove column;remove column;remove column;remove column;remove column;0;0;0;0;0;0;0;0;0;0;0;0;0;0;0;0;0;0;0;0
Onde nasceu Bach?;1;remove column;remove column;remove column;remove column;remove column;remove column;remove column;remove column;remove column;1;1;1;1;1;1;1;1;1;1;1;1;1;1;1;1;1;1;1;1
Quantas vezes Jane Fonda se casou?;3;remove column;remove column;remove column;remove column;remove column;remove column;remove column;remove column;remove column;3;3;3;3;3;3;3;3;3;3;3;3;3;3;3;3;3;3;3;3
Quem foi o primeiro a escalar o Monte Everest?;1;remove column;remove column;remove column;remove column;remove column;remove column;remove column;remove column;remove column;1;1;1;1;1;1;1;1;1;1;1;1;1;1;1;1;1;1;1;1
Quantas pessoas vivem na Polônia;0;remove column;remove column;remove column;remove column;remove column;remove column;remove column;remove column;remove column;0;0;0;0;0;0;0;0;0;0;0;0;0;0;0;0;0;0;0;0
Onde fica o Palácio de Westminster?;0;remove column;remove column;remove column;remove column;remove column;remove column;remove column;remove column;remove column;0;0;0;0;0;0;0;0;0;0;0;0;0;0;0;0;0;0;0;0
Christian Bale atua em Batman Begins?;2;remove column;remove column;remove column;remove column;remove column;remove column;remove column;remove column;remove column;2;2;2;2;2;2;2;2;2;2;2;2;2;2;2;2;2;2;2;2
Em que país fica o Lago Limerick?;0;remove column;remove column;remove column;remove column;remove column;remove column;remove column;remove column;remove column;0;0;0;0;0;0;0;0;0;0;0;0;0;0;0;0;0;0;0;0
Qual foi o último filme de Alec Guinness?;0;remove column;remove column;remove column;remove column;remove column;remove column;remove column;remove column;remove column;0;0;0;0;0;0;0;0;0;0;0;0;0;0;0;0;0;0;0;0
Qual a montanha mais alta da Austrália?;0;remove column;remove column;remove column;remove column;remove column;remove column;remove column;remove column;remove column;0;0;0;0;0;0;0;0;0;0;0;0;0;0;0;0;0;0;0;0
Frank Herbert ainda vive?;0;remove column;remove column;remove column;remove column;remove column;remove column;remove column;remove column;remove column;0;0;0;0;0;0;0;0;0;0;0;0;0;0;0;0;0;0;0;0
Quem criou Family Guy?;1;remove column;remove column;remove column;remove column;remove column;remove column;remove column;remove column;remove column;1;1;1;1;1;1;1;1;1;1;1;1;1;1;1;1;1;1;1;1
Qual a língua oficial do Suriname?;0;remove column;remove column;remove column;remove column;remove column;remove column;remove column;remove column;remove column;0;0;0;0;0;0;0;0;0;0;0;0;0;0;0;0;0;0;0;0
Quem escreveu a canção Hotel California?;1;remove column;remove column;remove column;remove column;remove column;remove column;remove column;remove column;remove column;1;1;1;1;1;1;1;1;1;1;1;1;1;1;1;1;1;1;1;1
Liste todos os atores que estrelaram em filmes dirigidos por William Shatner.;2;remove column;remove column;remove column;remove column;remove column;remove column;remove column;remove column;remove column;2;2;2;2;2;2;2;2;2;2;2;2;2;2;2;2;2;2;2;2
Quais são os ingredientes do biscoito de chocolate?;0;remove column;remove column;remove column;remove column;remove column;remove column;remove column;remove column;remove column;0;0;0;0;0;0;0;0;0;0;0;0;0;0;0;0;0;0;0;0
Liste todos os skatistas profissionais da Suécia.;0;remove column;remove column;remove column;remove column;remove column;remove column;remove column;remove column;remove column;0;0;0;0;0;0;0;0;0;0;0;0;0;0;0;0;0;0;0;0
Que ingredientes eu preciso para um bolo de cenoura?;0;remove column;remove column;remove column;remove column;remove column;remove column;remove column;remove column;remove column;0;0;0;0;0;0;0;0;0;0;0;0;0;0;0;0;0;0;0;0
O Neymar joga no Real Madrid?;0;remove column;remove column;remove column;remove column;remove column;remove column;remove column;remove column;remove column;0;0;0;0;0;0;0;0;0;0;0;0;0;0;0;0;0;0;0;0
Que cientista da computação ganhou um Oscar?;0;remove column;remove column;remove column;remove column;remove column;remove column;remove column;remove column;remove column;1;1;1;1;1;1;1;1;1;1;1;1;1;1;1;1;1;1;1;1
Quantas empresas foram fundadas no mesmo ano que o Google?;2;remove column;remove column;remove column;remove column;remove column;remove column;remove column;remove column;remove column;0;0;0;0;0;0;0;0;0;0;0;0;0;0;0;0;0;0;0;0
Em que cidade da Inglaterra está a sede do MI6?;2;remove column;remove column;remove column;remove column;remove column;remove column;remove column;remove column;remove column;0;0;0;0;0;0;0;0;0;0;0;0;0;0;0;0;0;0;0;0
A Crise dos Mísseis de Cuba ocorreu antes da Invasão da Baía dos Porcos?;0;remove column;remove column;remove column;remove column;remove column;remove column;remove column;remove column;remove column;0;0;0;0;0;0;0;0;0;0;0;0;0;0;0;0;0;0;0;0
Qual o significado de IYCM?;0;remove column;remove column;remove column;remove column;remove column;remove column;remove column;remove column;remove column;0;0;0;0;0;0;0;0;0;0;0;0;0;0;0;0;0;0;0;0
Quando a Dinastia Ming acabou?;2;remove column;remove column;remove column;remove column;remove column;remove column;remove column;remove column;remove column;2;2;2;2;2;2;2;2;2;2;2;2;2;2;2;2;2;2;2;2
Liste todos os episódios da primeira temporada do seriado Família Soprano da HBO.;0;remove column;remove column;remove column;remove column;remove column;remove column;remove column;remove column;remove column;0;0;0;0;0;0;2;2;2;2;0;0;0;0;0;0;0;0;0;0
Qual é a população total de Melbourne, Florida?;0;remove column;remove column;remove column;remove column;remove column;remove column;remove column;remove column;remove column;0;0;0;0;0;0;0;0;0;0;0;0;0;0;0;0;0;0;0;0
Arnold Schwarzenegger frequentou uma universidade?;0;remove column;remove column;remove column;remove column;remove column;remove column;remove column;remove column;remove column;0;0;0;0;0;0;0;0;0;0;0;0;0;0;0;0;0;0;0;0
Em que país está o Monte Everest?;0;remove column;remove column;remove column;remove column;remove column;remove column;remove column;remove column;remove column;0;0;0;0;0;0;0;0;0;0;0;0;0;0;0;0;0;0;0;0
Qual é a maior cidade da Austrália?;0;remove column;remove column;remove column;remove column;remove column;remove column;remove column;remove column;remove column;0;0;0;0;0;0;0;0;0;0;0;0;0;0;0;0;0;0;0;0
Ache todas as plataformas de lançamento espaciais operadas pela NASA.;0;remove column;remove column;remove column;remove column;remove column;remove column;remove column;remove column;remove column;3;3;3;3;3;3;0;0;0;0;0;0;0;0;0;0;0;0;0;0
Quem é o prefeito de Tel Aviv?;1;remove column;remove column;remove column;remove column;remove column;remove column;remove column;remove column;remove column;1;1;1;1;1;1;1;1;1;1;1;1;1;1;1;1;1;1;1;1
Liste todos os episódios da primeira temporada do seriado Família Soprano da HBO.;0;remove column;remove column;remove column;remove column;remove column;remove column;remove column;remove column;remove column;0;0;0;0;0;0;2;2;2;2;0;0;0;0;0;0;0;0;0;0
Quem criou Batman?;2;remove column;remove column;remove column;remove column;remove column;remove column;remove column;remove column;remove column;2;2;2;2;2;2;2;2;2;2;2;2;2;2;2;2;2;2;2;2
Quem interpretou Gus Fring em Breaking Bad?;0;remove column;remove column;remove column;remove column;remove column;remove column;remove column;remove column;remove column;0;0;0;0;0;0;0;0;0;0;0;0;0;0;0;0;0;0;0;0
Em que linguagem de programação foi escrito o GIMP?;0;remove column;remove column;remove column;remove column;remove column;remove column;remove column;remove column;remove column;0;0;0;0;0;0;0;0;0;0;0;0;0;0;0;0;0;0;0;0
Em que império antigo você poderia pagar com grãos de cacau?;0;remove column;remove column;remove column;remove column;remove column;remove column;remove column;remove column;remove column;0;0;0;0;0;0;0;0;0;0;0;0;0;0;0;0;0;0;0;0
Quem é o editor da Forbes?;1;remove column;remove column;remove column;remove column;remove column;remove column;remove column;remove column;remove column;1;1;1;1;1;1;1;1;1;1;1;1;1;1;1;1;1;1;1;1
Quantos habitantes tem a capital da Austrália?;1;remove column;remove column;remove column;remove column;remove column;remove column;remove column;remove column;remove column;1;1;1;1;1;1;1;1;1;1;1;1;1;1;1;1;1;1;1;1
Quais surfistas profissionais nasceram na Austrália?;2;remove column;remove column;remove column;remove column;remove column;remove column;remove column;remove column;remove column;2;2;2;2;2;2;2;2;2;2;2;2;2;2;2;2;2;2;2;2
Que companhias de eletrônica foram fundadas em Beijing?;4;remove column;remove column;remove column;remove column;remove column;remove column;remove column;remove column;remove column;3;3;3;3;3;3;3;3;3;3;3;3;3;3;3;3;3;3;3;3
Mostre todos os jogos da Mean Hamster Software.;0;remove column;remove column;remove column;remove column;remove column;remove column;remove column;remove column;remove column;0;0;0;0;0;0;0;0;0;0;0;0;0;0;0;0;0;0;0;0
Quantas lojas Aldi existem?;0;remove column;remove column;remove column;remove column;remove column;remove column;remove column;remove column;remove column;0;0;0;0;0;0;0;0;0;0;0;0;0;0;0;0;0;0;0;0
Qual a capital de Camarões?;1;remove column;remove column;remove column;remove column;remove column;remove column;remove column;remove column;remove column;1;1;1;1;1;1;1;1;1;1;1;1;1;1;1;1;1;1;1;1
Há algum jogo eletrônico chamado Battle Chess?;0;remove column;remove column;remove column;remove column;remove column;remove column;remove column;remove column;remove column;0;0;0;0;0;0;0;0;0;0;0;0;0;0;0;0;0;0;0;0
A esposa do Presidente Lincoln chamava-se Mary?;0;remove column;remove column;remove column;remove column;remove column;remove column;remove column;remove column;remove column;0;0;0;0;0;0;0;0;0;0;0;0;0;0;0;0;0;0;0;0
Encontre todos os filmes dirigidos por Francis Ford Coppola.;0;remove column;remove column;remove column;remove column;remove column;remove column;remove column;remove column;remove column;0;0;0;0;0;0;0;0;0;0;0;0;0;0;0;0;0;0;0;0
Qual filme de Tim Burton teve o maior orçamento?;0;remove column;remove column;remove column;remove column;remove column;remove column;remove column;remove column;remove column;0;0;0;0;0;0;0;0;0;0;0;0;0;0;0;0;0;0;0;0
Breaking Bad tem mais episódios do que Game of Thrones?;0;remove column;remove column;remove column;remove column;remove column;remove column;remove column;remove column;remove column;0;0;0;0;4;4;6;6;0;0;0;0;0;0;0;0;0;0;0;0
Quem era chamado de Rodzilla?;0;remove column;remove column;remove column;remove column;remove column;remove column;remove column;remove column;remove column;0;0;0;0;0;0;0;0;0;0;0;0;0;0;0;0;0;0;0;0
Natalie Portman nasceu nos Estados Unidos?;0;remove column;remove column;remove column;remove column;remove column;remove column;remove column;remove column;remove column;3;3;3;3;3;3;3;3;3;3;3;3;3;3;3;3;3;3;3;3
Mostre os netos de Elvis Presley.;0;remove column;remove column;remove column;remove column;remove column;remove column;remove column;remove column;remove column;0;0;0;0;0;0;0;0;0;0;0;0;0;0;0;0;0;0;0;0
Quais filmes protagonizados por Mickey Rourke foram dirigidos por Guy Ritchie?;0;remove column;remove column;remove column;remove column;remove column;remove column;remove column;remove column;remove column;0;0;0;0;0;0;2;2;2;2;0;0;0;0;0;0;0;0;0;0
Quando morreu o criador de Drácula?;0;remove column;remove column;remove column;remove column;remove column;remove column;remove column;remove column;remove column;0;0;0;0;0;0;0;0;0;0;2;2;0;0;0;0;0;0;0;0
De que país vem o criador de Miffy?;0;remove column;remove column;remove column;remove column;remove column;remove column;remove column;remove column;remove column;0;0;0;0;0;0;0;0;0;0;0;0;0;0;0;0;0;0;0;0
Qual é o nome verdadeiro do Batman?;2;remove column;remove column;remove column;remove column;remove column;remove column;remove column;remove column;remove column;0;0;2;2;2;2;2;2;2;2;2;2;2;2;2;2;2;2;2;2
Que forma de governo a Rússia possui?;0;remove column;remove column;remove column;remove column;remove column;remove column;remove column;remove column;remove column;0;0;0;0;0;0;0;0;0;0;0;0;0;0;0;0;0;0;0;0
Quantas companhias foram fundadas pelo fundador do Facebook?;20;remove column;remove column;remove column;remove column;remove column;remove column;remove column;remove column;remove column;20;20;20;20;20;20;20;20;20;20;20;20;20;20;20;20;20;20;20;20
Liste todas as gravadoras canadenses de música Grunge.;0;remove column;remove column;remove column;remove column;remove column;remove column;remove column;remove column;remove column;0;0;0;0;0;0;0;0;0;0;0;0;0;0;0;0;0;0;0;0
Quantos filhos Benjamim Franklin teve?;0;remove column;remove column;remove column;remove column;remove column;remove column;remove column;remove column;remove column;0;0;0;0;0;0;0;0;0;0;0;0;0;0;0;0;0;0;0;0
Liste os filhos de Margaret Thatcher.;0;remove column;remove column;remove column;remove column;remove column;remove column;remove column;remove column;remove column;0;0;0;0;0;0;0;0;0;0;0;0;0;0;0;0;0;0;0;0
De que região é o Melon de Bourgogne?;2;remove column;remove column;remove column;remove column;remove column;remove column;remove column;remove column;remove column;0;0;0;0;0;0;0;0;0;0;0;0;0;0;0;0;0;0;0;0
Qual é o filho mais velho de Meryl Streep?;0;remove column;remove column;remove column;remove column;remove column;remove column;remove column;remove column;remove column;0;0;0;0;0;0;0;0;0;0;0;0;0;0;0;0;0;0;0;0
As rãs arborícolas são um tipo de anfíbio?;0;remove column;remove column;remove column;remove column;remove column;remove column;remove column;remove column;remove column;0;0;0;0;0;0;0;0;0;0;0;0;0;0;0;0;0;0;0;0
Christian Bale atua em Velvet Goldmine?;2;remove column;remove column;remove column;remove column;remove column;remove column;remove column;remove column;remove column;2;2;2;2;2;2;2;2;2;2;2;2;2;2;2;2;2;2;2;2
Liste todos os jogos da GMT.;0;remove column;remove column;remove column;remove column;remove column;remove column;remove column;remove column;remove column;0;0;0;0;0;0;0;0;0;0;0;0;0;0;0;0;0;0;0;0
O Isar desemboca em um lago?;2;remove column;remove column;remove column;remove column;remove column;remove column;remove column;remove column;remove column;1;1;1;1;1;1;1;1;2;2;2;2;2;2;2;2;2;2;2;2
Que aeroportos a Yeti Airlines serve?;0;remove column;remove column;remove column;remove column;remove column;remove column;remove column;remove column;remove column;0;0;0;0;0;0;0;0;0;0;0;0;0;0;0;0;0;0;0;0
Que empresa indiana tem o maior número de empregados?;0;remove column;remove column;remove column;remove column;remove column;remove column;remove column;remove column;remove column;0;0;0;0;0;0;0;0;0;0;0;0;0;0;0;0;0;0;0;0
Que cor expressa a lealdade?;0;remove column;remove column;remove column;remove column;remove column;remove column;remove column;remove column;remove column;0;0;0;0;0;0;0;0;0;0;0;0;0;0;0;0;0;0;0;0
Qual a cidade com maior população?;0;remove column;remove column;remove column;remove column;remove column;remove column;remove column;remove column;remove column;0;0;0;0;0;0;0;0;0;0;0;0;0;0;0;0;0;0;0;0
Quem criou a Wikipedia?;0;remove column;remove column;remove column;remove column;remove column;remove column;remove column;remove column;remove column;0;0;0;0;0;0;0;0;0;0;0;0;0;0;0;0;0;0;0;0
Rita Wilson é a esposa de Tom Hanks?;1;remove column;remove column;remove column;remove column;remove column;remove column;remove column;remove column;remove column;1;1;1;1;1;1;1;1;1;1;1;1;1;1;1;1;1;1;1;1
A esposa do presidente Obama chama-se Michelle?;2;remove column;remove column;remove column;remove column;remove column;remove column;remove column;remove column;remove column;4;4;2;2;2;2;2;2;2;2;2;2;2;2;2;2;2;2;2;2
Quantos grupos étnicos vivem na Eslovênia?;0;remove column;remove column;remove column;remove column;remove column;remove column;remove column;remove column;remove column;0;0;0;0;0;0;0;0;0;0;0;0;0;0;0;0;0;0;0;0
Quem é o presidente da Eritrea?;1;remove column;remove column;remove column;remove column;remove column;remove column;remove column;remove column;remove column;1;1;1;1;1;1;1;1;1;1;1;1;1;1;1;1;1;1;1;1
Que filmes Stanley Kubrick dirigiu?;13;remove column;remove column;remove column;remove column;remove column;remove column;remove column;remove column;remove column;13;13;13;13;13;13;13;13;13;13;13;13;13;13;13;13;13;13;13;13
Quando o Titanic foi completado?;1;remove column;remove column;remove column;remove column;remove column;remove column;remove column;remove column;remove column;1;1;1;1;1;1;1;1;1;1;1;1;1;1;1;1;1;1;1;1
Quantas páginas tem Guerra e Paz?;4;remove column;remove column;remove column;remove column;remove column;remove column;remove column;remove column;remove column;0;0;4;4;4;4;4;4;4;4;4;4;4;4;4;4;4;4;4;4
Quem é o jogador mais jovem da Premier League?;0;remove column;remove column;remove column;remove column;remove column;remove column;remove column;remove column;remove column;0;0;0;0;0;0;0;0;0;0;0;0;0;0;0;0;0;0;0;0
Qual a montanha mais alta da Itália?;0;remove column;remove column;remove column;remove column;remove column;remove column;remove column;remove column;remove column;0;0;0;0;0;0;0;0;0;0;0;0;0;0;0;0;0;0;0;0
Qual a altura de Claudia Schiffer?;1;remove column;remove column;remove column;remove column;remove column;remove column;remove column;remove column;remove column;1;1;1;1;1;1;1;1;1;1;1;1;1;1;1;1;1;1;1;1
Quem foi o vice presidente de John F. Kennedy?;0;remove column;remove column;remove column;remove column;remove column;remove column;remove column;remove column;remove column;0;0;0;0;0;0;0;0;0;0;0;0;0;0;0;0;0;0;0;0
Que subsidiária da Lufthansa atende Dortmund e Berlin?;0;remove column;remove column;remove column;remove column;remove column;remove column;remove column;remove column;remove column;0;0;0;0;0;0;0;0;0;0;0;0;0;0;0;0;0;0;0;0
Quem foi o sucessor de John F. Kennedy?;0;remove column;remove column;remove column;remove column;remove column;remove column;remove column;remove column;remove column;0;0;0;0;0;0;0;0;0;0;0;0;0;0;0;0;0;0;0;0
Quem compôs a trilha sonora do Titanic de Cameron?;0;remove column;remove column;remove column;remove column;remove column;remove column;remove column;remove column;remove column;0;0;0;0;0;0;0;0;0;0;0;0;0;0;0;0;0;0;0;0
Quais filmes Kurosawa dirigiu?;4;remove column;remove column;remove column;remove column;remove column;remove column;remove column;remove column;remove column;4;4;4;4;4;4;4;4;4;4;4;4;4;4;4;4;4;4;4;4
Para qual gravadora Elvis gravou seu primeiro álbum?;8;remove column;remove column;remove column;remove column;remove column;remove column;remove column;remove column;remove column;8;8;8;8;8;8;8;8;8;8;8;8;8;8;8;8;8;8;8;8
Em que fuso horário está Roma?;0;remove column;remove column;remove column;remove column;remove column;remove column;remove column;remove column;remove column;0;0;0;0;0;0;0;0;0;0;0;0;0;0;0;0;0;0;0;0
Qual a moeda da China?;1;remove column;remove column;remove column;remove column;remove column;remove column;remove column;remove column;remove column;1;1;1;1;1;1;1;1;1;1;1;1;1;1;1;1;1;1;1;1
Quem são os desenvolvedores do DBPedia?;3;remove column;remove column;remove column;remove column;remove column;remove column;remove column;remove column;remove column;3;3;3;3;3;3;3;3;3;3;3;3;3;3;3;3;3;3;3;3
O local onde Abraham Lincoln morreu tem um website?;6;remove column;remove column;remove column;remove column;remove column;remove column;remove column;remove column;remove column;6;6;6;6;6;6;6;6;6;6;6;6;6;6;6;6;6;6;6;6
Quem é o rei da Holanda?;2;remove column;remove column;remove column;remove column;remove column;remove column;remove column;remove column;remove column;2;2;2;2;2;2;2;2;2;2;2;2;2;2;2;2;2;2;2;2
Em que cidade Nikos Kazantzakis morreu?;0;remove column;remove column;remove column;remove column;remove column;remove column;remove column;remove column;remove column;0;0;0;0;0;0;0;0;0;0;0;0;0;0;0;0;0;0;0;0
Quem foi o pai da Rainha Elizabeth II?;0;remove column;remove column;remove column;remove column;remove column;remove column;remove column;remove column;remove column;0;0;0;0;0;0;0;0;0;0;0;0;0;0;0;0;0;0;0;0
Liste todas as aves que correm perigo de extinção.;0;remove column;remove column;remove column;remove column;remove column;remove column;remove column;remove column;remove column;0;0;0;0;0;0;0;0;0;0;0;0;0;0;0;0;0;0;0;0
Quantos habitantes tem a maior cidade do Canadá?;2;remove column;remove column;remove column;remove column;remove column;remove column;remove column;remove column;remove column;2;2;2;2;2;2;2;2;2;2;2;2;2;2;2;2;2;2;2;2
De quais conflitos militares Lawrence da Arábia participou?;0;remove column;remove column;remove column;remove column;remove column;remove column;remove column;remove column;remove column;0;0;0;0;0;0;0;0;0;0;0;0;0;0;0;0;0;0;0;0
Qual o livro com maior número de páginas?;0;remove column;remove column;remove column;remove column;remove column;remove column;remove column;remove column;remove column;0;0;0;0;0;0;0;0;0;0;0;0;0;0;0;0;0;0;0;0
Em que país nasce o Nilo?;2;remove column;remove column;remove column;remove column;remove column;remove column;remove column;remove column;remove column;2;2;2;2;2;2;2;2;2;2;2;2;2;2;2;2;2;2;2;2
Quem é o piloto de Fórmula 1 com mais corridas?;0;remove column;remove column;remove column;remove column;remove column;remove column;remove column;remove column;remove column;0;0;2;2;2;2;2;2;2;2;2;2;2;2;2;2;2;2;0;0
Que companhias produzem aerodeslizadores?;0;remove column;remove column;remove column;remove column;remove column;remove column;remove column;remove column;remove column;0;0;0;0;0;0;0;0;0;0;0;0;0;0;0;0;0;0;0;0
Elvis Presley teve filhos?;2;remove column;remove column;remove column;remove column;remove column;remove column;remove column;remove column;remove column;2;2;2;2;2;2;2;2;2;2;2;2;2;2;2;2;2;2;2;2
Em que cidade o presidente de Montenegro nasceu?;2;remove column;remove column;remove column;remove column;remove column;remove column;remove column;remove column;remove column;2;2;2;2;2;2;2;2;2;2;2;2;2;2;2;2;2;2;2;2
Em que país Bill Gates nasceu?;3;remove column;remove column;remove column;remove column;remove column;remove column;remove column;remove column;remove column;3;3;3;3;3;3;3;3;3;3;3;3;3;3;3;3;3;3;3;3
Em que país se fala japonês?;0;remove column;remove column;remove column;remove column;remove column;remove column;remove column;remove column;remove column;0;0;0;0;0;0;0;0;0;0;0;0;0;0;0;0;0;0;0;0
Mostre me o livro que Muhammad Ali escreveu.;0;remove column;remove column;remove column;remove column;remove column;remove column;remove column;remove column;remove column;0;0;0;0;0;0;0;0;0;0;0;0;0;0;0;0;0;0;0;0
Michelle Obama é a esposa de Barack Obama?;1;remove column;remove column;remove column;remove column;remove column;remove column;remove column;remove column;remove column;1;1;1;1;1;1;1;1;1;1;1;1;1;1;1;1;1;1;1;1
Qual é o código de área de Berlin?;0;remove column;remove column;remove column;remove column;remove column;remove column;remove column;remove column;remove column;0;0;0;0;0;0;0;0;0;0;0;0;0;0;0;0;0;0;0;0
Liste todos os atores que atuaram em Last Action Hero.;0;remove column;remove column;remove column;remove column;remove column;remove column;remove column;remove column;remove column;0;0;0;0;0;0;0;0;0;0;0;0;0;0;0;0;0;0;0;0
Quais são os apelidos de San Francisco?;0;remove column;remove column;remove column;remove column;remove column;remove column;remove column;remove column;remove column;0;0;0;0;0;0;0;0;0;0;0;0;0;0;0;0;0;0;0;0
Qual foi o primeiro álbum do Queen?;4;remove column;remove column;remove column;remove column;remove column;remove column;remove column;remove column;remove column;0;0;0;0;0;0;0;0;0;0;0;0;0;0;0;0;4;4;4;4
Por quais países o rio Yenisei passa?;0;remove column;remove column;remove column;remove column;remove column;remove column;remove column;remove column;remove column;0;0;0;0;0;0;0;0;0;0;0;0;0;0;0;0;0;0;0;0
Quais séries de televisão foram criadas por Walt Disney?;2;remove column;remove column;remove column;remove column;remove column;remove column;remove column;remove column;remove column;1;1;1;1;1;1;1;1;1;1;1;1;1;1;1;1;1;1;1;1
Qual a ponte mais comprida?;0;remove column;remove column;remove column;remove column;remove column;remove column;remove column;remove column;remove column;0;0;0;0;0;0;0;0;0;0;0;0;0;0;0;0;0;0;0;0
De que país é a Sitecore;0;remove column;remove column;remove column;remove column;remove column;remove column;remove column;remove column;remove column;0;0;0;0;0;0;0;0;0;0;0;0;0;0;0;0;0;0;0;0
Com quem Lance Bass casou-se?;0;remove column;remove column;remove column;remove column;remove column;remove column;remove column;remove column;remove column;0;0;0;0;0;0;0;0;0;0;0;0;0;0;0;0;0;0;0;0
Qual a capital do Canadá?;1;remove column;remove column;remove column;remove column;remove column;remove column;remove column;remove column;remove column;1;1;1;1;1;1;1;1;1;1;1;1;1;1;1;1;1;1;1;1
Em quem Vincent van Gogh inspirou-se?;0;remove column;remove column;remove column;remove column;remove column;remove column;remove column;remove column;remove column;0;0;0;0;0;0;0;0;0;0;0;0;0;0;0;0;0;0;0;0
Em que cidade John F. Kennedy morreu?;0;remove column;remove column;remove column;remove column;remove column;remove column;remove column;remove column;remove column;0;0;0;0;0;0;0;0;0;0;0;0;0;0;0;0;0;0;0;0
O presidente Jackson dos EUA envolveu-se em uma guerra?;6;remove column;remove column;remove column;remove column;remove column;remove column;remove column;remove column;remove column;2;2;2;2;2;2;2;2;2;2;2;2;2;2;2;2;0;0;0;0
Quem escreveu o tema do Game of Thrones?;4;remove column;remove column;remove column;remove column;remove column;remove column;remove column;remove column;remove column;1;1;1;1;1;1;1;1;2;2;0;0;0;0;0;0;4;4;4;4
Quem projetou a Ponte do Brooklin?;0;remove column;remove column;remove column;remove column;remove column;remove column;remove column;remove column;remove column;0;0;0;0;0;0;0;0;0;0;0;0;0;0;0;0;0;0;0;0
Quando Boris Becker encerrou sua carreira?;1;remove column;remove column;remove column;remove column;remove column;remove column;remove column;remove column;remove column;1;1;1;1;1;1;1;1;1;1;1;1;1;1;1;1;1;1;1;1
Que tipos de uvas crescem no Oregon?;0;remove column;remove column;remove column;remove column;remove column;remove column;remove column;remove column;remove column;2;2;2;2;2;2;2;2;2;2;2;2;2;2;2;2;2;2;2;2
Qual a altura de Michael Jordan?;1;remove column;remove column;remove column;remove column;remove column;remove column;remove column;remove column;remove column;1;1;1;1;1;1;1;1;1;1;1;1;1;1;1;1;1;1;1;1
A que partido o prefeito de Paris pertence?;0;remove column;remove column;remove column;remove column;remove column;remove column;remove column;remove column;remove column;0;0;0;0;0;0;0;0;0;0;0;0;0;0;0;0;0;0;0;0
Quem escreveu o livro Os Pilares da Terra?;2;remove column;remove column;remove column;remove column;remove column;remove column;remove column;remove column;remove column;2;2;2;2;2;2;2;2;2;2;2;2;2;2;2;2;2;2;2;2
Quem foi o 16o presidente dos Estados Unidos?;1;remove column;remove column;remove column;remove column;remove column;remove column;remove column;remove column;remove column;1;1;1;1;1;1;1;1;1;1;1;1;1;1;1;1;1;1;1;1
Qual a altura do Monte Everest?;0;remove column;remove column;remove column;remove column;remove column;remove column;remove column;remove column;remove column;0;0;0;0;0;0;0;0;0;0;0;0;0;0;0;0;0;0;0;0
Quem foi o orientador do doutorado de Albert Einstein?;1;remove column;remove column;remove column;remove column;remove column;remove column;remove column;remove column;remove column;1;1;1;1;1;1;1;1;1;1;1;1;1;1;1;1;1;1;1;1
Em que cidade Sylvester Stallone mora?;1;remove column;remove column;remove column;remove column;remove column;remove column;remove column;remove column;remove column;1;1;1;1;1;1;1;1;1;1;1;1;1;1;1;1;1;1;1;1
Qual a moeda da República Tcheca?;1;remove column;remove column;remove column;remove column;remove column;remove column;remove column;remove column;remove column;1;1;1;1;1;1;1;1;1;1;1;1;1;1;1;1;1;1;1;1
Sócrates influenciou Aristóteles?;0;remove column;remove column;remove column;remove column;remove column;remove column;remove column;remove column;remove column;0;0;0;0;0;0;0;0;0;0;0;0;0;0;0;0;0;0;0;0
Qual o fuso horário de Salt Lake City?;0;remove column;remove column;remove column;remove column;remove column;remove column;remove column;remove column;remove column;0;0;0;0;0;0;0;0;0;0;0;0;0;0;0;0;0;0;0;0
Quem é o filho de Sonny e Cher?;0;remove column;remove column;remove column;remove column;remove column;remove column;remove column;remove column;remove column;0;0;0;0;0;0;0;0;0;0;0;0;0;0;0;0;0;0;0;0
Em que cidade está a sede das Nações Unidas?;1;remove column;remove column;remove column;remove column;remove column;remove column;remove column;remove column;remove column;1;1;1;1;1;1;1;1;1;1;1;1;1;1;1;1;1;1;1;1
Quem é o fundador da Penquin Books?;0;remove column;remove column;remove column;remove column;remove column;remove column;remove column;remove column;remove column;0;0;0;0;0;0;0;0;0;0;0;0;0;0;0;0;0;0;0;0
Quando foi fundada a Jack Wolfskin?;0;remove column;remove column;remove column;remove column;remove column;remove column;remove column;remove column;remove column;0;0;0;0;0;0;0;0;0;0;0;0;0;0;0;0;0;0;0;0
Quem é o prefeito de Rotterdam?;1;remove column;remove column;remove column;remove column;remove column;remove column;remove column;remove column;remove column;1;1;1;1;1;1;1;1;1;1;1;1;1;1;1;1;1;1;1;1
Liste todos os oceanógrafos suecos.;0;remove column;remove column;remove column;remove column;remove column;remove column;remove column;remove column;remove column;0;0;0;0;0;0;0;0;0;0;0;0;0;0;0;0;0;0;0;0
Mostre-me a autobiografia de Hemingway.;1;remove column;remove column;remove column;remove column;remove column;remove column;remove column;remove column;remove column;1;1;1;1;1;1;1;1;1;1;1;1;1;1;1;1;1;1;1;1
Quem são os pais da esposa de Juan Carlos I?;2;remove column;remove column;remove column;remove column;remove column;remove column;remove column;remove column;remove column;2;2;2;2;2;2;2;2;2;2;2;2;2;2;2;2;2;2;2;2
Tesla ganhou um Prêmio Nobel de Física?;0;remove column;remove column;remove column;remove column;remove column;remove column;remove column;remove column;remove column;0;0;0;0;0;0;0;0;0;0;0;0;0;0;0;0;0;0;0;0
Quem é o jogador de basquete mais alto?;0;remove column;remove column;remove column;remove column;remove column;remove column;remove column;remove column;remove column;0;0;0;0;0;0;0;0;0;0;0;0;0;0;0;0;0;0;0;0
Qual cidade tem menos habitantes?;0;remove column;remove column;remove column;remove column;remove column;remove column;remove column;remove column;remove column;0;0;0;0;0;0;0;0;0;0;0;0;0;0;0;0;0;0;0;0
A proinsulina é uma proteína?;0;remove column;remove column;remove column;remove column;remove column;remove column;remove column;remove column;remove column;0;0;0;0;0;0;0;0;0;0;0;0;0;0;0;0;0;0;0;0
Quem foram os pais da Rainha Victoria?;1;remove column;remove column;remove column;remove column;remove column;remove column;remove column;remove column;remove column;1;1;1;1;1;1;1;1;1;1;1;1;1;1;1;1;1;1;1;1
Che Guevara teve filhos?;0;remove column;remove column;remove column;remove column;remove column;remove column;remove column;remove column;remove column;0;0;0;0;0;0;0;0;0;0;0;0;0;0;0;0;0;0;0;0
O lago Baikal é maior do que o lago Great Bear?;0;remove column;remove column;remove column;remove column;remove column;remove column;remove column;remove column;remove column;0;0;0;0;0;0;0;0;0;0;0;0;0;0;0;0;0;0;0;0
Kaurismäki alguma vez venceu o Grand Prix de Cannes?;0;remove column;remove column;remove column;remove column;remove column;remove column;remove column;remove column;remove column;0;0;2;2;2;2;0;0;0;0;0;0;0;0;0;0;0;0;0;0
Liste todos os livros de William Goldman com mais de 300 páginas.;4;remove column;remove column;remove column;remove column;remove column;remove column;remove column;remove column;remove column;4;4;4;4;4;4;4;4;4;4;4;4;4;4;4;4;4;4;4;4
Onde está localizado o Fort Knox?;1;remove column;remove column;remove column;remove column;remove column;remove column;remove column;remove column;remove column;1;1;1;1;1;1;1;1;1;1;1;1;1;1;1;1;1;1;1;1
Em que estado dos EUA fica o Fort Knox?;0;remove column;remove column;remove column;remove column;remove column;remove column;remove column;remove column;remove column;0;0;0;0;0;0;0;0;0;0;0;0;0;0;4;4;4;4;0;0
Onde está enterrado Syngman Rhee?;0;remove column;remove column;remove column;remove column;remove column;remove column;remove column;remove column;remove column;0;0;0;0;0;0;0;0;0;0;0;0;0;0;0;0;0;0;0;0
Qual é o fuso horário de São Pedro de Atacama?;0;remove column;remove column;remove column;remove column;remove column;remove column;remove column;remove column;remove column;0;0;0;0;0;0;0;0;0;0;0;0;0;0;0;0;0;0;0;0
A que movimento artístico o pintor do quadro As Três Dançarinas pertencia?;0;remove column;remove column;remove column;remove column;remove column;remove column;remove column;remove column;remove column;0;0;0;0;0;0;0;0;0;0;0;0;0;0;0;0;0;0;0;0
Que cientista é conhecido pelo Projeto Manhattan e pelo Prêmio Nobel da Paz?;0;remove column;remove column;remove column;remove column;remove column;remove column;remove column;remove column;remove column;0;0;0;0;0;0;0;0;0;0;0;0;0;0;0;0;0;0;0;0
Mostre-me todos os livros de Asimov da série Fundação.;0;remove column;remove column;remove column;remove column;remove column;remove column;remove column;remove column;remove column;0;0;0;0;0;0;0;0;0;0;0;0;0;0;0;0;0;0;0;0
Liste todas as cidades em New Jersey com mais de 100000 habitantes.;0;remove column;remove column;remove column;remove column;remove column;remove column;remove column;remove column;remove column;0;0;0;0;0;0;0;0;0;0;0;0;0;0;0;0;0;0;0;0
Que museu de Nova York tem mais visitantes?;2;remove column;remove column;remove column;remove column;remove column;remove column;remove column;remove column;remove column;2;2;2;2;2;2;2;2;2;2;2;2;2;2;2;2;2;2;2;2
Qual a altura da torre Yokohama Marine?;0;remove column;remove column;remove column;remove column;remove column;remove column;remove column;remove column;remove column;0;0;0;0;0;0;0;0;0;0;0;0;0;0;0;0;0;0;0;0
A nova série Battlestar Galactica tem mais episódios do que a anterior?;0;remove column;remove column;remove column;remove column;remove column;remove column;remove column;remove column;remove column;0;0;0;0;0;0;0;0;0;0;0;0;0;0;0;0;0;0;0;0
Quem é o jogador mais jovem de dardos?;0;remove column;remove column;remove column;remove column;remove column;remove column;remove column;remove column;remove column;0;0;0;0;0;0;0;0;0;0;0;0;0;0;0;0;0;0;0;0
Quem desenvolveu o jogo World of Warcraft?;0;remove column;remove column;remove column;remove column;remove column;remove column;remove column;remove column;remove column;0;0;0;0;0;0;0;0;0;0;0;0;0;0;0;0;0;0;0;0
Qual papa fundou a Televisão do Vaticano?;0;remove column;remove column;remove column;remove column;remove column;remove column;remove column;remove column;remove column;0;0;0;0;0;0;0;0;0;0;0;0;0;0;0;0;0;0;0;0
Quem compôs a música para Harold e Maude?;0;remove column;remove column;remove column;remove column;remove column;remove column;remove column;remove column;remove column;0;0;0;0;0;0;0;0;0;0;0;0;0;0;0;0;0;0;0;0
Liste todos os membros da Prodigy;1;remove column;remove column;remove column;remove column;remove column;remove column;remove column;remove column;remove column;1;1;1;1;1;1;1;1;1;1;1;1;1;1;1;1;1;1;1;1
Quem atua nos filmes espanhois produzidos por Benicio del Toro?;0;remove column;remove column;remove column;remove column;remove column;remove column;remove column;remove column;remove column;2;2;2;2;2;2;2;2;2;2;2;2;2;2;2;2;2;2;2;2
Qual subsidiária da TUI Travel vôa para Glasgow e Dublin?;0;remove column;remove column;remove column;remove column;remove column;remove column;remove column;remove column;remove column;0;0;0;0;0;0;0;0;0;0;0;0;0;0;0;0;0;0;0;0
Em qual país está localizada Meca?;10;remove column;remove column;remove column;remove column;remove column;remove column;remove column;remove column;remove column;0;0;10;10;10;10;10;10;10;10;10;10;10;10;10;10;10;10;10;10
Quantos idiomas são falados na Colômbia?;0;remove column;remove column;remove column;remove column;remove column;remove column;remove column;remove column;remove column;7;7;7;7;7;7;7;7;7;7;7;7;7;7;7;7;7;7;7;7
Qual o maior estádio da Espanha?;7;remove column;remove column;remove column;remove column;remove column;remove column;remove column;remove column;remove column;7;7;7;7;7;7;7;7;7;7;7;7;7;7;7;7;7;7;7;7
Que surfistas profissionais nasceram nas Filipinas?;25;remove column;remove column;remove column;remove column;remove column;remove column;remove column;remove column;remove column;25;25;25;25;25;25;25;25;25;25;25;25;25;25;25;25;25;25;25;25
Quais são os cinco condados de New York?;5;remove column;remove column;remove column;remove column;remove column;remove column;remove column;remove column;remove column;5;5;5;5;5;5;5;5;5;5;5;5;5;5;5;5;5;5;5;5
Cola é uma bebida?;0;remove column;remove column;remove column;remove column;remove column;remove column;remove column;remove column;remove column;0;0;0;0;0;0;0;0;0;0;0;0;0;0;0;0;0;0;0;0
Quando a princesa Diana morreu?;1;remove column;remove column;remove column;remove column;remove column;remove column;remove column;remove column;remove column;1;1;1;1;1;1;1;1;1;1;1;1;1;1;1;1;1;1;1;1
Onde é produzido o vinho espumante na França?;0;remove column;remove column;remove column;remove column;remove column;remove column;remove column;remove column;remove column;1;1;1;1;1;1;1;1;1;1;1;1;1;1;1;1;1;1;1;1
